DnCNN_20Layers_10cases, 0.050000, 00238.bmp, 13.352776, 0.239898 
DnCNN_20Layers_10cases, 0.050000, 00467.bmp, 21.679712, 0.590244 
DnCNN_20Layers_10cases, 0.050000, 00641.bmp, 23.684022, 0.534251 
DnCNN_20Layers_10cases, 0.050000, 00766.bmp, 20.505422, 0.544406 
DnCNN_20Layers_10cases, 0.050000, 00767.bmp, 25.933563, 0.655021 
DnCNN_20Layers_10cases, 0.050000, 01034.bmp, 32.970036, 0.869697 
DnCNN_20Layers_10cases, 0.050000, 01631.bmp, 23.864760, 0.582521 
DnCNN_20Layers_10cases, 0.050000, 01660.bmp, 23.660761, 0.631145 
DnCNN_20Layers_10cases, 0.050000, 02827.bmp, 26.426469, 0.736794 
DnCNN_20Layers_10cases, 0.050000, 02913.bmp, 23.299681, 0.501996 
DnCNN_20Layers_10cases, 0.050000, 03083.bmp, 23.676845, 0.696789 
DnCNN_20Layers_10cases, 0.050000, 03581.bmp, 31.031736, 0.846775 
DnCNN_20Layers_10cases, 0.050000, 03766.bmp, 23.811802, 0.621055 
DnCNN_20Layers_10cases, 0.050000, 03907.bmp, 28.395511, 0.695175 
DnCNN_20Layers_10cases, 0.050000, 04134.bmp, 32.226880, 0.888149 
DnCNN_20Layers_10cases, 0.050000, 04576.bmp, 27.655058, 0.823107 
DnCNN_20Layers_10cases, 0.050000, 04582.bmp, 22.936387, 0.669654 
DnCNN_20Layers_10cases, 0.050000, 04694.bmp, 29.245182, 0.796161 
DnCNN_20Layers_10cases, 0.050000, 04695.bmp, 30.199076, 0.780254 
DnCNN_20Layers_10cases, 0.050000, 04699.bmp, 29.593960, 0.768270 
DnCNN_20Layers_10cases, 0.100000, 00238.bmp, 14.218231, 0.305538 
DnCNN_20Layers_10cases, 0.100000, 00467.bmp, 24.912518, 0.753651 
DnCNN_20Layers_10cases, 0.100000, 00641.bmp, 26.010928, 0.673779 
DnCNN_20Layers_10cases, 0.100000, 00766.bmp, 23.039322, 0.683710 
DnCNN_20Layers_10cases, 0.100000, 00767.bmp, 28.400008, 0.758371 
DnCNN_20Layers_10cases, 0.100000, 01034.bmp, 36.288233, 0.920406 
DnCNN_20Layers_10cases, 0.100000, 01631.bmp, 25.891457, 0.684616 
DnCNN_20Layers_10cases, 0.100000, 01660.bmp, 27.439759, 0.803655 
DnCNN_20Layers_10cases, 0.100000, 02827.bmp, 28.956837, 0.824682 
DnCNN_20Layers_10cases, 0.100000, 02913.bmp, 25.149955, 0.622993 
DnCNN_20Layers_10cases, 0.100000, 03083.bmp, 26.534647, 0.804302 
DnCNN_20Layers_10cases, 0.100000, 03581.bmp, 34.272859, 0.895793 
DnCNN_20Layers_10cases, 0.100000, 03766.bmp, 27.577131, 0.783827 
DnCNN_20Layers_10cases, 0.100000, 03907.bmp, 29.971187, 0.755594 
DnCNN_20Layers_10cases, 0.100000, 04134.bmp, 36.290365, 0.942704 
DnCNN_20Layers_10cases, 0.100000, 04576.bmp, 32.424995, 0.913505 
DnCNN_20Layers_10cases, 0.100000, 04582.bmp, 26.250669, 0.790703 
DnCNN_20Layers_10cases, 0.100000, 04694.bmp, 32.500988, 0.877622 
DnCNN_20Layers_10cases, 0.100000, 04695.bmp, 32.724368, 0.843492 
DnCNN_20Layers_10cases, 0.100000, 04699.bmp, 32.186262, 0.841767 
DnCNN_20Layers_10cases, 0.150000, 00238.bmp, 23.358681, 0.832149 
DnCNN_20Layers_10cases, 0.150000, 00467.bmp, 27.429366, 0.842262 
DnCNN_20Layers_10cases, 0.150000, 00641.bmp, 27.601011, 0.763283 
DnCNN_20Layers_10cases, 0.150000, 00766.bmp, 25.462576, 0.785337 
DnCNN_20Layers_10cases, 0.150000, 00767.bmp, 29.750743, 0.801494 
DnCNN_20Layers_10cases, 0.150000, 01034.bmp, 38.045784, 0.939614 
DnCNN_20Layers_10cases, 0.150000, 01631.bmp, 27.725957, 0.775752 
DnCNN_20Layers_10cases, 0.150000, 01660.bmp, 30.189955, 0.881880 
DnCNN_20Layers_10cases, 0.150000, 02827.bmp, 31.163869, 0.881298 
DnCNN_20Layers_10cases, 0.150000, 02913.bmp, 26.394675, 0.706493 
DnCNN_20Layers_10cases, 0.150000, 03083.bmp, 29.103098, 0.881829 
DnCNN_20Layers_10cases, 0.150000, 03581.bmp, 36.381015, 0.927109 
DnCNN_20Layers_10cases, 0.150000, 03766.bmp, 30.051322, 0.855304 
DnCNN_20Layers_10cases, 0.150000, 03907.bmp, 31.169142, 0.796089 
DnCNN_20Layers_10cases, 0.150000, 04134.bmp, 39.117548, 0.963732 
DnCNN_20Layers_10cases, 0.150000, 04576.bmp, 35.329195, 0.946865 
DnCNN_20Layers_10cases, 0.150000, 04582.bmp, 29.043810, 0.871570 
DnCNN_20Layers_10cases, 0.150000, 04694.bmp, 34.889583, 0.922048 
DnCNN_20Layers_10cases, 0.150000, 04695.bmp, 34.567481, 0.886518 
DnCNN_20Layers_10cases, 0.150000, 04699.bmp, 33.736509, 0.879711 
DnCNN_20Layers_10cases, 0.200000, 00238.bmp, 26.615419, 0.895098 
DnCNN_20Layers_10cases, 0.200000, 00467.bmp, 29.674962, 0.896359 
DnCNN_20Layers_10cases, 0.200000, 00641.bmp, 29.099085, 0.822952 
DnCNN_20Layers_10cases, 0.200000, 00766.bmp, 27.173838, 0.835814 
DnCNN_20Layers_10cases, 0.200000, 00767.bmp, 30.981651, 0.842855 
DnCNN_20Layers_10cases, 0.200000, 01034.bmp, 39.638521, 0.954949 
DnCNN_20Layers_10cases, 0.200000, 01631.bmp, 29.094296, 0.824395 
DnCNN_20Layers_10cases, 0.200000, 01660.bmp, 32.724678, 0.928404 
DnCNN_20Layers_10cases, 0.200000, 02827.bmp, 32.668600, 0.906571 
DnCNN_20Layers_10cases, 0.200000, 02913.bmp, 27.566630, 0.770707 
DnCNN_20Layers_10cases, 0.200000, 03083.bmp, 31.274014, 0.917837 
DnCNN_20Layers_10cases, 0.200000, 03581.bmp, 38.244390, 0.947080 
DnCNN_20Layers_10cases, 0.200000, 03766.bmp, 32.364310, 0.903119 
DnCNN_20Layers_10cases, 0.200000, 03907.bmp, 32.000060, 0.820723 
DnCNN_20Layers_10cases, 0.200000, 04134.bmp, 41.483020, 0.975910 
DnCNN_20Layers_10cases, 0.200000, 04576.bmp, 37.471761, 0.959913 
DnCNN_20Layers_10cases, 0.200000, 04582.bmp, 31.182081, 0.909641 
DnCNN_20Layers_10cases, 0.200000, 04694.bmp, 36.757936, 0.944006 
DnCNN_20Layers_10cases, 0.200000, 04695.bmp, 35.774517, 0.906782 
DnCNN_20Layers_10cases, 0.200000, 04699.bmp, 35.101517, 0.904481 
DnCNN_20Layers_10cases, 0.250000, 00238.bmp, 28.001022, 0.919770 
DnCNN_20Layers_10cases, 0.250000, 00467.bmp, 31.403082, 0.926652 
DnCNN_20Layers_10cases, 0.250000, 00641.bmp, 30.499979, 0.866761 
DnCNN_20Layers_10cases, 0.250000, 00766.bmp, 28.943809, 0.877034 
DnCNN_20Layers_10cases, 0.250000, 00767.bmp, 32.228744, 0.873438 
DnCNN_20Layers_10cases, 0.250000, 01034.bmp, 40.877795, 0.964604 
DnCNN_20Layers_10cases, 0.250000, 01631.bmp, 30.222459, 0.858282 
DnCNN_20Layers_10cases, 0.250000, 01660.bmp, 34.656680, 0.951949 
DnCNN_20Layers_10cases, 0.250000, 02827.bmp, 34.285587, 0.929572 
DnCNN_20Layers_10cases, 0.250000, 02913.bmp, 28.740070, 0.817705 
DnCNN_20Layers_10cases, 0.250000, 03083.bmp, 32.902642, 0.938587 
DnCNN_20Layers_10cases, 0.250000, 03581.bmp, 39.911597, 0.961710 
DnCNN_20Layers_10cases, 0.250000, 03766.bmp, 34.291596, 0.932290 
DnCNN_20Layers_10cases, 0.250000, 03907.bmp, 32.803656, 0.845860 
DnCNN_20Layers_10cases, 0.250000, 04134.bmp, 43.044763, 0.981873 
DnCNN_20Layers_10cases, 0.250000, 04576.bmp, 39.281561, 0.971295 
DnCNN_20Layers_10cases, 0.250000, 04582.bmp, 32.932135, 0.935000 
DnCNN_20Layers_10cases, 0.250000, 04694.bmp, 38.323424, 0.959329 
DnCNN_20Layers_10cases, 0.250000, 04695.bmp, 37.134119, 0.929534 
DnCNN_20Layers_10cases, 0.250000, 04699.bmp, 36.275495, 0.925266 
DnCNN_20Layers_10cases, 0.300000, 00238.bmp, 30.101981, 0.944466 
DnCNN_20Layers_10cases, 0.300000, 00467.bmp, 33.005130, 0.946876 
DnCNN_20Layers_10cases, 0.300000, 00641.bmp, 31.673765, 0.895776 
DnCNN_20Layers_10cases, 0.300000, 00766.bmp, 30.299951, 0.904374 
DnCNN_20Layers_10cases, 0.300000, 00767.bmp, 32.982934, 0.892775 
DnCNN_20Layers_10cases, 0.300000, 01034.bmp, 42.120961, 0.972339 
DnCNN_20Layers_10cases, 0.300000, 01631.bmp, 31.409692, 0.888687 
DnCNN_20Layers_10cases, 0.300000, 01660.bmp, 36.574266, 0.968160 
DnCNN_20Layers_10cases, 0.300000, 02827.bmp, 36.315258, 0.948013 
DnCNN_20Layers_10cases, 0.300000, 02913.bmp, 29.602523, 0.843346 
DnCNN_20Layers_10cases, 0.300000, 03083.bmp, 34.128684, 0.948620 
DnCNN_20Layers_10cases, 0.300000, 03581.bmp, 41.304250, 0.971045 
DnCNN_20Layers_10cases, 0.300000, 03766.bmp, 35.930170, 0.951498 
DnCNN_20Layers_10cases, 0.300000, 03907.bmp, 33.409682, 0.862757 
DnCNN_20Layers_10cases, 0.300000, 04134.bmp, 44.336456, 0.985359 
DnCNN_20Layers_10cases, 0.300000, 04576.bmp, 40.766584, 0.977505 
DnCNN_20Layers_10cases, 0.300000, 04582.bmp, 34.168196, 0.946501 
DnCNN_20Layers_10cases, 0.300000, 04694.bmp, 39.732306, 0.969196 
DnCNN_20Layers_10cases, 0.300000, 04695.bmp, 38.523556, 0.947426 
DnCNN_20Layers_10cases, 0.300000, 04699.bmp, 37.294226, 0.938947 
DnCNN_17Layers_10cases, 0.050000, 00238.bmp, 13.416344, 0.246498 
DnCNN_17Layers_10cases, 0.050000, 00467.bmp, 21.568070, 0.584277 
DnCNN_17Layers_10cases, 0.050000, 00641.bmp, 23.801691, 0.541653 
DnCNN_17Layers_10cases, 0.050000, 00766.bmp, 20.642712, 0.556576 
DnCNN_17Layers_10cases, 0.050000, 00767.bmp, 25.761154, 0.645542 
DnCNN_17Layers_10cases, 0.050000, 01034.bmp, 33.695770, 0.884783 
DnCNN_17Layers_10cases, 0.050000, 01631.bmp, 23.852148, 0.572814 
DnCNN_17Layers_10cases, 0.050000, 01660.bmp, 23.779508, 0.629700 
DnCNN_17Layers_10cases, 0.050000, 02827.bmp, 26.451807, 0.743845 
DnCNN_17Layers_10cases, 0.050000, 02913.bmp, 23.345362, 0.501705 
DnCNN_17Layers_10cases, 0.050000, 03083.bmp, 23.743452, 0.697176 
DnCNN_17Layers_10cases, 0.050000, 03581.bmp, 31.509094, 0.854883 
DnCNN_17Layers_10cases, 0.050000, 03766.bmp, 23.563723, 0.609045 
DnCNN_17Layers_10cases, 0.050000, 03907.bmp, 28.499697, 0.700083 
DnCNN_17Layers_10cases, 0.050000, 04134.bmp, 32.449953, 0.896434 
DnCNN_17Layers_10cases, 0.050000, 04576.bmp, 28.132615, 0.836643 
DnCNN_17Layers_10cases, 0.050000, 04582.bmp, 22.911654, 0.660989 
DnCNN_17Layers_10cases, 0.050000, 04694.bmp, 29.485986, 0.811406 
DnCNN_17Layers_10cases, 0.050000, 04695.bmp, 30.154597, 0.779870 
DnCNN_17Layers_10cases, 0.050000, 04699.bmp, 30.015095, 0.784755 
DnCNN_17Layers_10cases, 0.100000, 00238.bmp, 14.244836, 0.307384 
DnCNN_17Layers_10cases, 0.100000, 00467.bmp, 25.261165, 0.766853 
DnCNN_17Layers_10cases, 0.100000, 00641.bmp, 26.282391, 0.686860 
DnCNN_17Layers_10cases, 0.100000, 00766.bmp, 22.795827, 0.671178 
DnCNN_17Layers_10cases, 0.100000, 00767.bmp, 28.194625, 0.743119 
DnCNN_17Layers_10cases, 0.100000, 01034.bmp, 36.164375, 0.919092 
DnCNN_17Layers_10cases, 0.100000, 01631.bmp, 26.118739, 0.694564 
DnCNN_17Layers_10cases, 0.100000, 01660.bmp, 27.793458, 0.812724 
DnCNN_17Layers_10cases, 0.100000, 02827.bmp, 29.068959, 0.829433 
DnCNN_17Layers_10cases, 0.100000, 02913.bmp, 25.136544, 0.626535 
DnCNN_17Layers_10cases, 0.100000, 03083.bmp, 27.064578, 0.824721 
DnCNN_17Layers_10cases, 0.100000, 03581.bmp, 34.121568, 0.896177 
DnCNN_17Layers_10cases, 0.100000, 03766.bmp, 27.765387, 0.791642 
DnCNN_17Layers_10cases, 0.100000, 03907.bmp, 29.973739, 0.752983 
DnCNN_17Layers_10cases, 0.100000, 04134.bmp, 36.393135, 0.944320 
DnCNN_17Layers_10cases, 0.100000, 04576.bmp, 32.529725, 0.919231 
DnCNN_17Layers_10cases, 0.100000, 04582.bmp, 26.457211, 0.802978 
DnCNN_17Layers_10cases, 0.100000, 04694.bmp, 32.767670, 0.885489 
DnCNN_17Layers_10cases, 0.100000, 04695.bmp, 32.709272, 0.840632 
DnCNN_17Layers_10cases, 0.100000, 04699.bmp, 32.363347, 0.846687 
DnCNN_17Layers_10cases, 0.150000, 00238.bmp, 23.374181, 0.824076 
DnCNN_17Layers_10cases, 0.150000, 00467.bmp, 27.669063, 0.848906 
DnCNN_17Layers_10cases, 0.150000, 00641.bmp, 27.708858, 0.765744 
DnCNN_17Layers_10cases, 0.150000, 00766.bmp, 25.723046, 0.796695 
DnCNN_17Layers_10cases, 0.150000, 00767.bmp, 29.928594, 0.809243 
DnCNN_17Layers_10cases, 0.150000, 01034.bmp, 38.069942, 0.939980 
DnCNN_17Layers_10cases, 0.150000, 01631.bmp, 27.705514, 0.772065 
DnCNN_17Layers_10cases, 0.150000, 01660.bmp, 30.434783, 0.886727 
DnCNN_17Layers_10cases, 0.150000, 02827.bmp, 30.891293, 0.872757 
DnCNN_17Layers_10cases, 0.150000, 02913.bmp, 26.560008, 0.713063 
DnCNN_17Layers_10cases, 0.150000, 03083.bmp, 29.127765, 0.881986 
DnCNN_17Layers_10cases, 0.150000, 03581.bmp, 36.416687, 0.927426 
DnCNN_17Layers_10cases, 0.150000, 03766.bmp, 30.509633, 0.866345 
DnCNN_17Layers_10cases, 0.150000, 03907.bmp, 31.098953, 0.789474 
DnCNN_17Layers_10cases, 0.150000, 04134.bmp, 39.288712, 0.964446 
DnCNN_17Layers_10cases, 0.150000, 04576.bmp, 35.081920, 0.944464 
DnCNN_17Layers_10cases, 0.150000, 04582.bmp, 29.388671, 0.880955 
DnCNN_17Layers_10cases, 0.150000, 04694.bmp, 34.934142, 0.922660 
DnCNN_17Layers_10cases, 0.150000, 04695.bmp, 34.611415, 0.886122 
DnCNN_17Layers_10cases, 0.150000, 04699.bmp, 33.907289, 0.881568 
DnCNN_17Layers_10cases, 0.200000, 00238.bmp, 26.806713, 0.903855 
DnCNN_17Layers_10cases, 0.200000, 00467.bmp, 29.690194, 0.896622 
DnCNN_17Layers_10cases, 0.200000, 00641.bmp, 29.184146, 0.823465 
DnCNN_17Layers_10cases, 0.200000, 00766.bmp, 27.382721, 0.845832 
DnCNN_17Layers_10cases, 0.200000, 00767.bmp, 30.928408, 0.841868 
DnCNN_17Layers_10cases, 0.200000, 01034.bmp, 39.667129, 0.955501 
DnCNN_17Layers_10cases, 0.200000, 01631.bmp, 29.045568, 0.819440 
DnCNN_17Layers_10cases, 0.200000, 01660.bmp, 32.674310, 0.927806 
DnCNN_17Layers_10cases, 0.200000, 02827.bmp, 32.627186, 0.907096 
DnCNN_17Layers_10cases, 0.200000, 02913.bmp, 27.645640, 0.763734 
DnCNN_17Layers_10cases, 0.200000, 03083.bmp, 31.404233, 0.920430 
DnCNN_17Layers_10cases, 0.200000, 03581.bmp, 38.171443, 0.946745 
DnCNN_17Layers_10cases, 0.200000, 03766.bmp, 32.351696, 0.903802 
DnCNN_17Layers_10cases, 0.200000, 03907.bmp, 32.016030, 0.823049 
DnCNN_17Layers_10cases, 0.200000, 04134.bmp, 41.376925, 0.976271 
DnCNN_17Layers_10cases, 0.200000, 04576.bmp, 37.546806, 0.962290 
DnCNN_17Layers_10cases, 0.200000, 04582.bmp, 31.137383, 0.911600 
DnCNN_17Layers_10cases, 0.200000, 04694.bmp, 36.782837, 0.945288 
DnCNN_17Layers_10cases, 0.200000, 04695.bmp, 35.946116, 0.910333 
DnCNN_17Layers_10cases, 0.200000, 04699.bmp, 35.027699, 0.902431 
DnCNN_17Layers_10cases, 0.250000, 00238.bmp, 28.247501, 0.925623 
DnCNN_17Layers_10cases, 0.250000, 00467.bmp, 31.461965, 0.927623 
DnCNN_17Layers_10cases, 0.250000, 00641.bmp, 30.431967, 0.862563 
DnCNN_17Layers_10cases, 0.250000, 00766.bmp, 28.980665, 0.878114 
DnCNN_17Layers_10cases, 0.250000, 00767.bmp, 32.115569, 0.870495 
DnCNN_17Layers_10cases, 0.250000, 01034.bmp, 40.870249, 0.964576 
DnCNN_17Layers_10cases, 0.250000, 01631.bmp, 30.211828, 0.855629 
DnCNN_17Layers_10cases, 0.250000, 01660.bmp, 34.638584, 0.951911 
DnCNN_17Layers_10cases, 0.250000, 02827.bmp, 34.190417, 0.927000 
DnCNN_17Layers_10cases, 0.250000, 02913.bmp, 28.622669, 0.807240 
DnCNN_17Layers_10cases, 0.250000, 03083.bmp, 32.832282, 0.937407 
DnCNN_17Layers_10cases, 0.250000, 03581.bmp, 39.900035, 0.961298 
DnCNN_17Layers_10cases, 0.250000, 03766.bmp, 34.239372, 0.932593 
DnCNN_17Layers_10cases, 0.250000, 03907.bmp, 32.705515, 0.840831 
DnCNN_17Layers_10cases, 0.250000, 04134.bmp, 42.938858, 0.981456 
DnCNN_17Layers_10cases, 0.250000, 04576.bmp, 39.256228, 0.970697 
DnCNN_17Layers_10cases, 0.250000, 04582.bmp, 32.843102, 0.933646 
DnCNN_17Layers_10cases, 0.250000, 04694.bmp, 38.296569, 0.959057 
DnCNN_17Layers_10cases, 0.250000, 04695.bmp, 37.264567, 0.930074 
DnCNN_17Layers_10cases, 0.250000, 04699.bmp, 36.127638, 0.923167 
DnCNN_17Layers_10cases, 0.300000, 00238.bmp, 30.049367, 0.945677 
DnCNN_17Layers_10cases, 0.300000, 00467.bmp, 33.031088, 0.947650 
DnCNN_17Layers_10cases, 0.300000, 00641.bmp, 31.692379, 0.895098 
DnCNN_17Layers_10cases, 0.300000, 00766.bmp, 30.421784, 0.903615 
DnCNN_17Layers_10cases, 0.300000, 00767.bmp, 33.024110, 0.894249 
DnCNN_17Layers_10cases, 0.300000, 01034.bmp, 41.988208, 0.971547 
DnCNN_17Layers_10cases, 0.300000, 01631.bmp, 31.206691, 0.882176 
DnCNN_17Layers_10cases, 0.300000, 01660.bmp, 36.568035, 0.968178 
DnCNN_17Layers_10cases, 0.300000, 02827.bmp, 36.289726, 0.948938 
DnCNN_17Layers_10cases, 0.300000, 02913.bmp, 29.491839, 0.841481 
DnCNN_17Layers_10cases, 0.300000, 03083.bmp, 34.084234, 0.947542 
DnCNN_17Layers_10cases, 0.300000, 03581.bmp, 41.359186, 0.971124 
DnCNN_17Layers_10cases, 0.300000, 03766.bmp, 36.024277, 0.951975 
DnCNN_17Layers_10cases, 0.300000, 03907.bmp, 33.423518, 0.861987 
DnCNN_17Layers_10cases, 0.300000, 04134.bmp, 44.395496, 0.985600 
DnCNN_17Layers_10cases, 0.300000, 04576.bmp, 40.651782, 0.976938 
DnCNN_17Layers_10cases, 0.300000, 04582.bmp, 34.212923, 0.946381 
DnCNN_17Layers_10cases, 0.300000, 04694.bmp, 39.564795, 0.967805 
DnCNN_17Layers_10cases, 0.300000, 04695.bmp, 38.396323, 0.945668 
DnCNN_17Layers_10cases, 0.300000, 04699.bmp, 37.234396, 0.938083 
DnCNN_20Layers_3x3_17cases, 0.050000, 00238.bmp, 14.137443, 0.322153 
DnCNN_20Layers_3x3_17cases, 0.050000, 00467.bmp, 21.880129, 0.599508 
DnCNN_20Layers_3x3_17cases, 0.050000, 00641.bmp, 23.907509, 0.537839 
DnCNN_20Layers_3x3_17cases, 0.050000, 00766.bmp, 20.807949, 0.576762 
DnCNN_20Layers_3x3_17cases, 0.050000, 00767.bmp, 26.090074, 0.660533 
DnCNN_20Layers_3x3_17cases, 0.050000, 01034.bmp, 33.473780, 0.877100 
DnCNN_20Layers_3x3_17cases, 0.050000, 01631.bmp, 23.991226, 0.579120 
DnCNN_20Layers_3x3_17cases, 0.050000, 01660.bmp, 23.779354, 0.622630 
DnCNN_20Layers_3x3_17cases, 0.050000, 02827.bmp, 26.651420, 0.743287 
DnCNN_20Layers_3x3_17cases, 0.050000, 02913.bmp, 23.228599, 0.492723 
DnCNN_20Layers_3x3_17cases, 0.050000, 03083.bmp, 24.081461, 0.716554 
DnCNN_20Layers_3x3_17cases, 0.050000, 03581.bmp, 31.013723, 0.836935 
DnCNN_20Layers_3x3_17cases, 0.050000, 03766.bmp, 23.571808, 0.597825 
DnCNN_20Layers_3x3_17cases, 0.050000, 03907.bmp, 28.484977, 0.695121 
DnCNN_20Layers_3x3_17cases, 0.050000, 04134.bmp, 32.099377, 0.887322 
DnCNN_20Layers_3x3_17cases, 0.050000, 04576.bmp, 28.680191, 0.850341 
DnCNN_20Layers_3x3_17cases, 0.050000, 04582.bmp, 23.118699, 0.674754 
DnCNN_20Layers_3x3_17cases, 0.050000, 04694.bmp, 29.549631, 0.808962 
DnCNN_20Layers_3x3_17cases, 0.050000, 04695.bmp, 30.264510, 0.777408 
DnCNN_20Layers_3x3_17cases, 0.050000, 04699.bmp, 29.780848, 0.775218 
DnCNN_20Layers_3x3_17cases, 0.100000, 00238.bmp, 21.355955, 0.763369 
DnCNN_20Layers_3x3_17cases, 0.100000, 00467.bmp, 25.035780, 0.760115 
DnCNN_20Layers_3x3_17cases, 0.100000, 00641.bmp, 26.061426, 0.673830 
DnCNN_20Layers_3x3_17cases, 0.100000, 00766.bmp, 23.535849, 0.708778 
DnCNN_20Layers_3x3_17cases, 0.100000, 00767.bmp, 28.110324, 0.744003 
DnCNN_20Layers_3x3_17cases, 0.100000, 01034.bmp, 36.238433, 0.919644 
DnCNN_20Layers_3x3_17cases, 0.100000, 01631.bmp, 25.909250, 0.679347 
DnCNN_20Layers_3x3_17cases, 0.100000, 01660.bmp, 27.484061, 0.800758 
DnCNN_20Layers_3x3_17cases, 0.100000, 02827.bmp, 29.050225, 0.828188 
DnCNN_20Layers_3x3_17cases, 0.100000, 02913.bmp, 25.083823, 0.626687 
DnCNN_20Layers_3x3_17cases, 0.100000, 03083.bmp, 27.277373, 0.832276 
DnCNN_20Layers_3x3_17cases, 0.100000, 03581.bmp, 34.208896, 0.893945 
DnCNN_20Layers_3x3_17cases, 0.100000, 03766.bmp, 27.729227, 0.792308 
DnCNN_20Layers_3x3_17cases, 0.100000, 03907.bmp, 29.991274, 0.751227 
DnCNN_20Layers_3x3_17cases, 0.100000, 04134.bmp, 36.296403, 0.941157 
DnCNN_20Layers_3x3_17cases, 0.100000, 04576.bmp, 32.822549, 0.921757 
DnCNN_20Layers_3x3_17cases, 0.100000, 04582.bmp, 26.375806, 0.797003 
DnCNN_20Layers_3x3_17cases, 0.100000, 04694.bmp, 32.572944, 0.880584 
DnCNN_20Layers_3x3_17cases, 0.100000, 04695.bmp, 32.671721, 0.836119 
DnCNN_20Layers_3x3_17cases, 0.100000, 04699.bmp, 32.306209, 0.843416 
DnCNN_20Layers_3x3_17cases, 0.150000, 00238.bmp, 24.711950, 0.860142 
DnCNN_20Layers_3x3_17cases, 0.150000, 00467.bmp, 27.470890, 0.841069 
DnCNN_20Layers_3x3_17cases, 0.150000, 00641.bmp, 27.567382, 0.754851 
DnCNN_20Layers_3x3_17cases, 0.150000, 00766.bmp, 25.621857, 0.791215 
DnCNN_20Layers_3x3_17cases, 0.150000, 00767.bmp, 29.908351, 0.816039 
DnCNN_20Layers_3x3_17cases, 0.150000, 01034.bmp, 38.292125, 0.942248 
DnCNN_20Layers_3x3_17cases, 0.150000, 01631.bmp, 27.587741, 0.767501 
DnCNN_20Layers_3x3_17cases, 0.150000, 01660.bmp, 30.030663, 0.877425 
DnCNN_20Layers_3x3_17cases, 0.150000, 02827.bmp, 31.405425, 0.885415 
DnCNN_20Layers_3x3_17cases, 0.150000, 02913.bmp, 26.492849, 0.706968 
DnCNN_20Layers_3x3_17cases, 0.150000, 03083.bmp, 29.608245, 0.892095 
DnCNN_20Layers_3x3_17cases, 0.150000, 03581.bmp, 36.413742, 0.926235 
DnCNN_20Layers_3x3_17cases, 0.150000, 03766.bmp, 30.391895, 0.861145 
DnCNN_20Layers_3x3_17cases, 0.150000, 03907.bmp, 30.993514, 0.783436 
DnCNN_20Layers_3x3_17cases, 0.150000, 04134.bmp, 39.038775, 0.962843 
DnCNN_20Layers_3x3_17cases, 0.150000, 04576.bmp, 36.250526, 0.954911 
DnCNN_20Layers_3x3_17cases, 0.150000, 04582.bmp, 29.105499, 0.871734 
DnCNN_20Layers_3x3_17cases, 0.150000, 04694.bmp, 35.128981, 0.925220 
DnCNN_20Layers_3x3_17cases, 0.150000, 04695.bmp, 34.491186, 0.882868 
DnCNN_20Layers_3x3_17cases, 0.150000, 04699.bmp, 33.807907, 0.880051 
DnCNN_20Layers_3x3_17cases, 0.200000, 00238.bmp, 26.870261, 0.901175 
DnCNN_20Layers_3x3_17cases, 0.200000, 00467.bmp, 29.548712, 0.892169 
DnCNN_20Layers_3x3_17cases, 0.200000, 00641.bmp, 29.066464, 0.817517 
DnCNN_20Layers_3x3_17cases, 0.200000, 00766.bmp, 27.378681, 0.841418 
DnCNN_20Layers_3x3_17cases, 0.200000, 00767.bmp, 31.122016, 0.847991 
DnCNN_20Layers_3x3_17cases, 0.200000, 01034.bmp, 39.716712, 0.955660 
DnCNN_20Layers_3x3_17cases, 0.200000, 01631.bmp, 29.055847, 0.818278 
DnCNN_20Layers_3x3_17cases, 0.200000, 01660.bmp, 32.565670, 0.924974 
DnCNN_20Layers_3x3_17cases, 0.200000, 02827.bmp, 33.235066, 0.916233 
DnCNN_20Layers_3x3_17cases, 0.200000, 02913.bmp, 27.650678, 0.771129 
DnCNN_20Layers_3x3_17cases, 0.200000, 03083.bmp, 31.744218, 0.924450 
DnCNN_20Layers_3x3_17cases, 0.200000, 03581.bmp, 38.146107, 0.945971 
DnCNN_20Layers_3x3_17cases, 0.200000, 03766.bmp, 32.599148, 0.905655 
DnCNN_20Layers_3x3_17cases, 0.200000, 03907.bmp, 32.081415, 0.822830 
DnCNN_20Layers_3x3_17cases, 0.200000, 04134.bmp, 41.449568, 0.975921 
DnCNN_20Layers_3x3_17cases, 0.200000, 04576.bmp, 38.143342, 0.965967 
DnCNN_20Layers_3x3_17cases, 0.200000, 04582.bmp, 31.255093, 0.911696 
DnCNN_20Layers_3x3_17cases, 0.200000, 04694.bmp, 36.893502, 0.946811 
DnCNN_20Layers_3x3_17cases, 0.200000, 04695.bmp, 35.915830, 0.908409 
DnCNN_20Layers_3x3_17cases, 0.200000, 04699.bmp, 35.208587, 0.906633 
DnCNN_20Layers_3x3_17cases, 0.250000, 00238.bmp, 28.585782, 0.928733 
DnCNN_20Layers_3x3_17cases, 0.250000, 00467.bmp, 31.435923, 0.927145 
DnCNN_20Layers_3x3_17cases, 0.250000, 00641.bmp, 30.604279, 0.866131 
DnCNN_20Layers_3x3_17cases, 0.250000, 00766.bmp, 29.109471, 0.879646 
DnCNN_20Layers_3x3_17cases, 0.250000, 00767.bmp, 32.383254, 0.884119 
DnCNN_20Layers_3x3_17cases, 0.250000, 01034.bmp, 40.738825, 0.963247 
DnCNN_20Layers_3x3_17cases, 0.250000, 01631.bmp, 30.257868, 0.857599 
DnCNN_20Layers_3x3_17cases, 0.250000, 01660.bmp, 34.541970, 0.951180 
DnCNN_20Layers_3x3_17cases, 0.250000, 02827.bmp, 34.733388, 0.933558 
DnCNN_20Layers_3x3_17cases, 0.250000, 02913.bmp, 28.715233, 0.818970 
DnCNN_20Layers_3x3_17cases, 0.250000, 03083.bmp, 34.004726, 0.950506 
DnCNN_20Layers_3x3_17cases, 0.250000, 03581.bmp, 39.822645, 0.960317 
DnCNN_20Layers_3x3_17cases, 0.250000, 03766.bmp, 34.354240, 0.931709 
DnCNN_20Layers_3x3_17cases, 0.250000, 03907.bmp, 33.172071, 0.856306 
DnCNN_20Layers_3x3_17cases, 0.250000, 04134.bmp, 42.970560, 0.980732 
DnCNN_20Layers_3x3_17cases, 0.250000, 04576.bmp, 39.733756, 0.972215 
DnCNN_20Layers_3x3_17cases, 0.250000, 04582.bmp, 33.071972, 0.934691 
DnCNN_20Layers_3x3_17cases, 0.250000, 04694.bmp, 38.582607, 0.961401 
DnCNN_20Layers_3x3_17cases, 0.250000, 04695.bmp, 37.238944, 0.930691 
DnCNN_20Layers_3x3_17cases, 0.250000, 04699.bmp, 36.299073, 0.925756 
DnCNN_20Layers_3x3_17cases, 0.300000, 00238.bmp, 30.128926, 0.946000 
DnCNN_20Layers_3x3_17cases, 0.300000, 00467.bmp, 33.102862, 0.947677 
DnCNN_20Layers_3x3_17cases, 0.300000, 00641.bmp, 31.774735, 0.896227 
DnCNN_20Layers_3x3_17cases, 0.300000, 00766.bmp, 30.529321, 0.905234 
DnCNN_20Layers_3x3_17cases, 0.300000, 00767.bmp, 33.288925, 0.898794 
DnCNN_20Layers_3x3_17cases, 0.300000, 01034.bmp, 42.038642, 0.971651 
DnCNN_20Layers_3x3_17cases, 0.300000, 01631.bmp, 31.536860, 0.889779 
DnCNN_20Layers_3x3_17cases, 0.300000, 01660.bmp, 36.412462, 0.966879 
DnCNN_20Layers_3x3_17cases, 0.300000, 02827.bmp, 36.411432, 0.950236 
DnCNN_20Layers_3x3_17cases, 0.300000, 02913.bmp, 29.618235, 0.843606 
DnCNN_20Layers_3x3_17cases, 0.300000, 03083.bmp, 35.844489, 0.963657 
DnCNN_20Layers_3x3_17cases, 0.300000, 03581.bmp, 41.007576, 0.968147 
DnCNN_20Layers_3x3_17cases, 0.300000, 03766.bmp, 35.864715, 0.950300 
DnCNN_20Layers_3x3_17cases, 0.300000, 03907.bmp, 33.743649, 0.868872 
DnCNN_20Layers_3x3_17cases, 0.300000, 04134.bmp, 44.519042, 0.985564 
DnCNN_20Layers_3x3_17cases, 0.300000, 04576.bmp, 41.048301, 0.976897 
DnCNN_20Layers_3x3_17cases, 0.300000, 04582.bmp, 34.505022, 0.948711 
DnCNN_20Layers_3x3_17cases, 0.300000, 04694.bmp, 39.946711, 0.970223 
DnCNN_20Layers_3x3_17cases, 0.300000, 04695.bmp, 38.635594, 0.947884 
DnCNN_20Layers_3x3_17cases, 0.300000, 04699.bmp, 37.372564, 0.939012 
RCAN_5x5_dilated_17cases, 0.050000, 00238.bmp, 17.657246, 0.624718 
RCAN_5x5_dilated_17cases, 0.050000, 00467.bmp, 22.302149, 0.629458 
RCAN_5x5_dilated_17cases, 0.050000, 00641.bmp, 24.300296, 0.575010 
RCAN_5x5_dilated_17cases, 0.050000, 00766.bmp, 21.400397, 0.619393 
RCAN_5x5_dilated_17cases, 0.050000, 00767.bmp, 26.753786, 0.701785 
RCAN_5x5_dilated_17cases, 0.050000, 01034.bmp, 33.998114, 0.892216 
RCAN_5x5_dilated_17cases, 0.050000, 01631.bmp, 24.342768, 0.607797 
RCAN_5x5_dilated_17cases, 0.050000, 01660.bmp, 24.576373, 0.680679 
RCAN_5x5_dilated_17cases, 0.050000, 02827.bmp, 26.988019, 0.778116 
RCAN_5x5_dilated_17cases, 0.050000, 02913.bmp, 23.666583, 0.532254 
RCAN_5x5_dilated_17cases, 0.050000, 03083.bmp, 24.517077, 0.751847 
RCAN_5x5_dilated_17cases, 0.050000, 03581.bmp, 31.527828, 0.857512 
RCAN_5x5_dilated_17cases, 0.050000, 03766.bmp, 24.591527, 0.663385 
RCAN_5x5_dilated_17cases, 0.050000, 03907.bmp, 28.661487, 0.707554 
RCAN_5x5_dilated_17cases, 0.050000, 04134.bmp, 33.062125, 0.910365 
RCAN_5x5_dilated_17cases, 0.050000, 04576.bmp, 29.710492, 0.882154 
RCAN_5x5_dilated_17cases, 0.050000, 04582.bmp, 23.735072, 0.709942 
RCAN_5x5_dilated_17cases, 0.050000, 04694.bmp, 30.147795, 0.832351 
RCAN_5x5_dilated_17cases, 0.050000, 04695.bmp, 30.772197, 0.796539 
RCAN_5x5_dilated_17cases, 0.050000, 04699.bmp, 30.468620, 0.800282 
RCAN_5x5_dilated_17cases, 0.100000, 00238.bmp, 22.953440, 0.815636 
RCAN_5x5_dilated_17cases, 0.100000, 00467.bmp, 25.494385, 0.778825 
RCAN_5x5_dilated_17cases, 0.100000, 00641.bmp, 26.522466, 0.707992 
RCAN_5x5_dilated_17cases, 0.100000, 00766.bmp, 24.218567, 0.752962 
RCAN_5x5_dilated_17cases, 0.100000, 00767.bmp, 28.828172, 0.783894 
RCAN_5x5_dilated_17cases, 0.100000, 01034.bmp, 36.964523, 0.930125 
RCAN_5x5_dilated_17cases, 0.100000, 01631.bmp, 26.567415, 0.718371 
RCAN_5x5_dilated_17cases, 0.100000, 01660.bmp, 28.320095, 0.832369 
RCAN_5x5_dilated_17cases, 0.100000, 02827.bmp, 29.777390, 0.857862 
RCAN_5x5_dilated_17cases, 0.100000, 02913.bmp, 25.436735, 0.651857 
RCAN_5x5_dilated_17cases, 0.100000, 03083.bmp, 27.694609, 0.853957 
RCAN_5x5_dilated_17cases, 0.100000, 03581.bmp, 34.726265, 0.906143 
RCAN_5x5_dilated_17cases, 0.100000, 03766.bmp, 28.282706, 0.812151 
RCAN_5x5_dilated_17cases, 0.100000, 03907.bmp, 30.391616, 0.775098 
RCAN_5x5_dilated_17cases, 0.100000, 04134.bmp, 37.603401, 0.956254 
RCAN_5x5_dilated_17cases, 0.100000, 04576.bmp, 34.262666, 0.942887 
RCAN_5x5_dilated_17cases, 0.100000, 04582.bmp, 27.243638, 0.831912 
RCAN_5x5_dilated_17cases, 0.100000, 04694.bmp, 33.385319, 0.901657 
RCAN_5x5_dilated_17cases, 0.100000, 04695.bmp, 33.263429, 0.858865 
RCAN_5x5_dilated_17cases, 0.100000, 04699.bmp, 32.809730, 0.858681 
RCAN_5x5_dilated_17cases, 0.150000, 00238.bmp, 25.594165, 0.881310 
RCAN_5x5_dilated_17cases, 0.150000, 00467.bmp, 28.216062, 0.865002 
RCAN_5x5_dilated_17cases, 0.150000, 00641.bmp, 28.143188, 0.785457 
RCAN_5x5_dilated_17cases, 0.150000, 00766.bmp, 26.386563, 0.820635 
RCAN_5x5_dilated_17cases, 0.150000, 00767.bmp, 30.480334, 0.839789 
RCAN_5x5_dilated_17cases, 0.150000, 01034.bmp, 38.555601, 0.946523 
RCAN_5x5_dilated_17cases, 0.150000, 01631.bmp, 28.254798, 0.795633 
RCAN_5x5_dilated_17cases, 0.150000, 01660.bmp, 31.187003, 0.905305 
RCAN_5x5_dilated_17cases, 0.150000, 02827.bmp, 32.028235, 0.901833 
RCAN_5x5_dilated_17cases, 0.150000, 02913.bmp, 26.844241, 0.732459 
RCAN_5x5_dilated_17cases, 0.150000, 03083.bmp, 30.111359, 0.906409 
RCAN_5x5_dilated_17cases, 0.150000, 03581.bmp, 36.871703, 0.933231 
RCAN_5x5_dilated_17cases, 0.150000, 03766.bmp, 30.983163, 0.875702 
RCAN_5x5_dilated_17cases, 0.150000, 03907.bmp, 31.719584, 0.819953 
RCAN_5x5_dilated_17cases, 0.150000, 04134.bmp, 39.890753, 0.970212 
RCAN_5x5_dilated_17cases, 0.150000, 04576.bmp, 37.096445, 0.963173 
RCAN_5x5_dilated_17cases, 0.150000, 04582.bmp, 29.942798, 0.894070 
RCAN_5x5_dilated_17cases, 0.150000, 04694.bmp, 35.766572, 0.935616 
RCAN_5x5_dilated_17cases, 0.150000, 04695.bmp, 35.117584, 0.897840 
RCAN_5x5_dilated_17cases, 0.150000, 04699.bmp, 34.434484, 0.894774 
RCAN_5x5_dilated_17cases, 0.200000, 00238.bmp, 27.668171, 0.916962 
RCAN_5x5_dilated_17cases, 0.200000, 00467.bmp, 30.210419, 0.909457 
RCAN_5x5_dilated_17cases, 0.200000, 00641.bmp, 29.658728, 0.841673 
RCAN_5x5_dilated_17cases, 0.200000, 00766.bmp, 28.221071, 0.866723 
RCAN_5x5_dilated_17cases, 0.200000, 00767.bmp, 31.837648, 0.874428 
RCAN_5x5_dilated_17cases, 0.200000, 01034.bmp, 40.044093, 0.958822 
RCAN_5x5_dilated_17cases, 0.200000, 01631.bmp, 29.601324, 0.840806 
RCAN_5x5_dilated_17cases, 0.200000, 01660.bmp, 33.544384, 0.940118 
RCAN_5x5_dilated_17cases, 0.200000, 02827.bmp, 33.958561, 0.930026 
RCAN_5x5_dilated_17cases, 0.200000, 02913.bmp, 27.952833, 0.790033 
RCAN_5x5_dilated_17cases, 0.200000, 03083.bmp, 32.649290, 0.939826 
RCAN_5x5_dilated_17cases, 0.200000, 03581.bmp, 38.732009, 0.952334 
RCAN_5x5_dilated_17cases, 0.200000, 03766.bmp, 33.164742, 0.917098 
RCAN_5x5_dilated_17cases, 0.200000, 03907.bmp, 32.925882, 0.856312 
RCAN_5x5_dilated_17cases, 0.200000, 04134.bmp, 41.952111, 0.978351 
RCAN_5x5_dilated_17cases, 0.200000, 04576.bmp, 38.601918, 0.970106 
RCAN_5x5_dilated_17cases, 0.200000, 04582.bmp, 32.044609, 0.925619 
RCAN_5x5_dilated_17cases, 0.200000, 04694.bmp, 37.417382, 0.953160 
RCAN_5x5_dilated_17cases, 0.200000, 04695.bmp, 36.361832, 0.919014 
RCAN_5x5_dilated_17cases, 0.200000, 04699.bmp, 35.510710, 0.913812 
RCAN_5x5_dilated_17cases, 0.250000, 00238.bmp, 29.538803, 0.941794 
RCAN_5x5_dilated_17cases, 0.250000, 00467.bmp, 31.960910, 0.935747 
RCAN_5x5_dilated_17cases, 0.250000, 00641.bmp, 31.054885, 0.880134 
RCAN_5x5_dilated_17cases, 0.250000, 00766.bmp, 29.713512, 0.896041 
RCAN_5x5_dilated_17cases, 0.250000, 00767.bmp, 33.007491, 0.897591 
RCAN_5x5_dilated_17cases, 0.250000, 01034.bmp, 41.403742, 0.968386 
RCAN_5x5_dilated_17cases, 0.250000, 01631.bmp, 30.862021, 0.876819 
RCAN_5x5_dilated_17cases, 0.250000, 01660.bmp, 35.239325, 0.957512 
RCAN_5x5_dilated_17cases, 0.250000, 02827.bmp, 35.464929, 0.943281 
RCAN_5x5_dilated_17cases, 0.250000, 02913.bmp, 28.886974, 0.823606 
RCAN_5x5_dilated_17cases, 0.250000, 03083.bmp, 34.443404, 0.956720 
RCAN_5x5_dilated_17cases, 0.250000, 03581.bmp, 40.192879, 0.964262 
RCAN_5x5_dilated_17cases, 0.250000, 03766.bmp, 34.911903, 0.940163 
RCAN_5x5_dilated_17cases, 0.250000, 03907.bmp, 33.817722, 0.879617 
RCAN_5x5_dilated_17cases, 0.250000, 04134.bmp, 43.750435, 0.984293 
RCAN_5x5_dilated_17cases, 0.250000, 04576.bmp, 40.228724, 0.976416 
RCAN_5x5_dilated_17cases, 0.250000, 04582.bmp, 33.792693, 0.944978 
RCAN_5x5_dilated_17cases, 0.250000, 04694.bmp, 39.211334, 0.966933 
RCAN_5x5_dilated_17cases, 0.250000, 04695.bmp, 37.781254, 0.939325 
RCAN_5x5_dilated_17cases, 0.250000, 04699.bmp, 36.778999, 0.933095 
RCAN_5x5_dilated_17cases, 0.300000, 00238.bmp, 31.018927, 0.956082 
RCAN_5x5_dilated_17cases, 0.300000, 00467.bmp, 33.590775, 0.953362 
RCAN_5x5_dilated_17cases, 0.300000, 00641.bmp, 32.308382, 0.907775 
RCAN_5x5_dilated_17cases, 0.300000, 00766.bmp, 31.318507, 0.921214 
RCAN_5x5_dilated_17cases, 0.300000, 00767.bmp, 33.966039, 0.914496 
RCAN_5x5_dilated_17cases, 0.300000, 01034.bmp, 42.658747, 0.975480 
RCAN_5x5_dilated_17cases, 0.300000, 01631.bmp, 32.045964, 0.902483 
RCAN_5x5_dilated_17cases, 0.300000, 01660.bmp, 37.165147, 0.972142 
RCAN_5x5_dilated_17cases, 0.300000, 02827.bmp, 36.983310, 0.957062 
RCAN_5x5_dilated_17cases, 0.300000, 02913.bmp, 30.036029, 0.862097 
RCAN_5x5_dilated_17cases, 0.300000, 03083.bmp, 36.170698, 0.967264 
RCAN_5x5_dilated_17cases, 0.300000, 03581.bmp, 41.825219, 0.974044 
RCAN_5x5_dilated_17cases, 0.300000, 03766.bmp, 36.410779, 0.956728 
RCAN_5x5_dilated_17cases, 0.300000, 03907.bmp, 34.740828, 0.897649 
RCAN_5x5_dilated_17cases, 0.300000, 04134.bmp, 45.213235, 0.987647 
RCAN_5x5_dilated_17cases, 0.300000, 04576.bmp, 41.743218, 0.980883 
RCAN_5x5_dilated_17cases, 0.300000, 04582.bmp, 34.920044, 0.953984 
RCAN_5x5_dilated_17cases, 0.300000, 04694.bmp, 40.645967, 0.974670 
RCAN_5x5_dilated_17cases, 0.300000, 04695.bmp, 38.971767, 0.952599 
RCAN_5x5_dilated_17cases, 0.300000, 04699.bmp, 37.825985, 0.945509 
RCAN_5x5_dilated_10cases, 0.050000, 00238.bmp, 17.681575, 0.636956 
RCAN_5x5_dilated_10cases, 0.050000, 00467.bmp, 22.272989, 0.627864 
RCAN_5x5_dilated_10cases, 0.050000, 00641.bmp, 24.428890, 0.579101 
RCAN_5x5_dilated_10cases, 0.050000, 00766.bmp, 21.432385, 0.622227 
RCAN_5x5_dilated_10cases, 0.050000, 00767.bmp, 26.506990, 0.699702 
RCAN_5x5_dilated_10cases, 0.050000, 01034.bmp, 34.136018, 0.893798 
RCAN_5x5_dilated_10cases, 0.050000, 01631.bmp, 24.353618, 0.601292 
RCAN_5x5_dilated_10cases, 0.050000, 01660.bmp, 24.632800, 0.690866 
RCAN_5x5_dilated_10cases, 0.050000, 02827.bmp, 27.048481, 0.779939 
RCAN_5x5_dilated_10cases, 0.050000, 02913.bmp, 23.668380, 0.538481 
RCAN_5x5_dilated_10cases, 0.050000, 03083.bmp, 24.457307, 0.748027 
RCAN_5x5_dilated_10cases, 0.050000, 03581.bmp, 31.676532, 0.860698 
RCAN_5x5_dilated_10cases, 0.050000, 03766.bmp, 24.484352, 0.662447 
RCAN_5x5_dilated_10cases, 0.050000, 03907.bmp, 28.795132, 0.715507 
RCAN_5x5_dilated_10cases, 0.050000, 04134.bmp, 33.559586, 0.916467 
RCAN_5x5_dilated_10cases, 0.050000, 04576.bmp, 29.423138, 0.880739 
RCAN_5x5_dilated_10cases, 0.050000, 04582.bmp, 23.563355, 0.700444 
RCAN_5x5_dilated_10cases, 0.050000, 04694.bmp, 29.789194, 0.824625 
RCAN_5x5_dilated_10cases, 0.050000, 04695.bmp, 30.804498, 0.798695 
RCAN_5x5_dilated_10cases, 0.050000, 04699.bmp, 30.527886, 0.800880 
RCAN_5x5_dilated_10cases, 0.100000, 00238.bmp, 22.615884, 0.806305 
RCAN_5x5_dilated_10cases, 0.100000, 00467.bmp, 25.745471, 0.786144 
RCAN_5x5_dilated_10cases, 0.100000, 00641.bmp, 26.502070, 0.705257 
RCAN_5x5_dilated_10cases, 0.100000, 00766.bmp, 24.182360, 0.749498 
RCAN_5x5_dilated_10cases, 0.100000, 00767.bmp, 28.940242, 0.790502 
RCAN_5x5_dilated_10cases, 0.100000, 01034.bmp, 37.088930, 0.931317 
RCAN_5x5_dilated_10cases, 0.100000, 01631.bmp, 26.618431, 0.717515 
RCAN_5x5_dilated_10cases, 0.100000, 01660.bmp, 28.357774, 0.837071 
RCAN_5x5_dilated_10cases, 0.100000, 02827.bmp, 29.855839, 0.858089 
RCAN_5x5_dilated_10cases, 0.100000, 02913.bmp, 25.414061, 0.649842 
RCAN_5x5_dilated_10cases, 0.100000, 03083.bmp, 27.729506, 0.856945 
RCAN_5x5_dilated_10cases, 0.100000, 03581.bmp, 34.741359, 0.904991 
RCAN_5x5_dilated_10cases, 0.100000, 03766.bmp, 28.352549, 0.810738 
RCAN_5x5_dilated_10cases, 0.100000, 03907.bmp, 30.447688, 0.774435 
RCAN_5x5_dilated_10cases, 0.100000, 04134.bmp, 37.394946, 0.954755 
RCAN_5x5_dilated_10cases, 0.100000, 04576.bmp, 34.145823, 0.940583 
RCAN_5x5_dilated_10cases, 0.100000, 04582.bmp, 27.102640, 0.827661 
RCAN_5x5_dilated_10cases, 0.100000, 04694.bmp, 33.353792, 0.900207 
RCAN_5x5_dilated_10cases, 0.100000, 04695.bmp, 33.338757, 0.858394 
RCAN_5x5_dilated_10cases, 0.100000, 04699.bmp, 32.754335, 0.856110 
RCAN_5x5_dilated_10cases, 0.150000, 00238.bmp, 25.528310, 0.879541 
RCAN_5x5_dilated_10cases, 0.150000, 00467.bmp, 28.112768, 0.864179 
RCAN_5x5_dilated_10cases, 0.150000, 00641.bmp, 28.180280, 0.783613 
RCAN_5x5_dilated_10cases, 0.150000, 00766.bmp, 26.517420, 0.824379 
RCAN_5x5_dilated_10cases, 0.150000, 00767.bmp, 30.393279, 0.838333 
RCAN_5x5_dilated_10cases, 0.150000, 01034.bmp, 38.666506, 0.947385 
RCAN_5x5_dilated_10cases, 0.150000, 01631.bmp, 28.272468, 0.796467 
RCAN_5x5_dilated_10cases, 0.150000, 01660.bmp, 31.131416, 0.905124 
RCAN_5x5_dilated_10cases, 0.150000, 02827.bmp, 31.851339, 0.899558 
RCAN_5x5_dilated_10cases, 0.150000, 02913.bmp, 26.736926, 0.723361 
RCAN_5x5_dilated_10cases, 0.150000, 03083.bmp, 30.264047, 0.910205 
RCAN_5x5_dilated_10cases, 0.150000, 03581.bmp, 36.894417, 0.934414 
RCAN_5x5_dilated_10cases, 0.150000, 03766.bmp, 30.963387, 0.878153 
RCAN_5x5_dilated_10cases, 0.150000, 03907.bmp, 31.754477, 0.821286 
RCAN_5x5_dilated_10cases, 0.150000, 04134.bmp, 40.001896, 0.970150 
RCAN_5x5_dilated_10cases, 0.150000, 04576.bmp, 36.916825, 0.961628 
RCAN_5x5_dilated_10cases, 0.150000, 04582.bmp, 29.744667, 0.888021 
RCAN_5x5_dilated_10cases, 0.150000, 04694.bmp, 35.780797, 0.936861 
RCAN_5x5_dilated_10cases, 0.150000, 04695.bmp, 35.076255, 0.897465 
RCAN_5x5_dilated_10cases, 0.150000, 04699.bmp, 34.388293, 0.893251 
RCAN_5x5_dilated_10cases, 0.200000, 00238.bmp, 27.891880, 0.920348 
RCAN_5x5_dilated_10cases, 0.200000, 00467.bmp, 30.156305, 0.908777 
RCAN_5x5_dilated_10cases, 0.200000, 00641.bmp, 29.618429, 0.839015 
RCAN_5x5_dilated_10cases, 0.200000, 00766.bmp, 28.183812, 0.867872 
RCAN_5x5_dilated_10cases, 0.200000, 00767.bmp, 31.711431, 0.871626 
RCAN_5x5_dilated_10cases, 0.200000, 01034.bmp, 40.121539, 0.959554 
RCAN_5x5_dilated_10cases, 0.200000, 01631.bmp, 29.611196, 0.840018 
RCAN_5x5_dilated_10cases, 0.200000, 01660.bmp, 33.454148, 0.939474 
RCAN_5x5_dilated_10cases, 0.200000, 02827.bmp, 33.797370, 0.927577 
RCAN_5x5_dilated_10cases, 0.200000, 02913.bmp, 27.930030, 0.786076 
RCAN_5x5_dilated_10cases, 0.200000, 03083.bmp, 32.435664, 0.937303 
RCAN_5x5_dilated_10cases, 0.200000, 03581.bmp, 38.608440, 0.951450 
RCAN_5x5_dilated_10cases, 0.200000, 03766.bmp, 33.069871, 0.916713 
RCAN_5x5_dilated_10cases, 0.200000, 03907.bmp, 32.931737, 0.855731 
RCAN_5x5_dilated_10cases, 0.200000, 04134.bmp, 42.058520, 0.978912 
RCAN_5x5_dilated_10cases, 0.200000, 04576.bmp, 38.601240, 0.969667 
RCAN_5x5_dilated_10cases, 0.200000, 04582.bmp, 32.014276, 0.925600 
RCAN_5x5_dilated_10cases, 0.200000, 04694.bmp, 37.295937, 0.951188 
RCAN_5x5_dilated_10cases, 0.200000, 04695.bmp, 36.306332, 0.918637 
RCAN_5x5_dilated_10cases, 0.200000, 04699.bmp, 35.643248, 0.915772 
RCAN_5x5_dilated_10cases, 0.250000, 00238.bmp, 29.415787, 0.939943 
RCAN_5x5_dilated_10cases, 0.250000, 00467.bmp, 32.010826, 0.936743 
RCAN_5x5_dilated_10cases, 0.250000, 00641.bmp, 31.030615, 0.880595 
RCAN_5x5_dilated_10cases, 0.250000, 00766.bmp, 29.924185, 0.898122 
RCAN_5x5_dilated_10cases, 0.250000, 00767.bmp, 33.015910, 0.899004 
RCAN_5x5_dilated_10cases, 0.250000, 01034.bmp, 41.401146, 0.968579 
RCAN_5x5_dilated_10cases, 0.250000, 01631.bmp, 30.892927, 0.878051 
RCAN_5x5_dilated_10cases, 0.250000, 01660.bmp, 35.264154, 0.957925 
RCAN_5x5_dilated_10cases, 0.250000, 02827.bmp, 35.337824, 0.943209 
RCAN_5x5_dilated_10cases, 0.250000, 02913.bmp, 29.020124, 0.827042 
RCAN_5x5_dilated_10cases, 0.250000, 03083.bmp, 34.595127, 0.958411 
RCAN_5x5_dilated_10cases, 0.250000, 03581.bmp, 40.349430, 0.965408 
RCAN_5x5_dilated_10cases, 0.250000, 03766.bmp, 34.825775, 0.939902 
RCAN_5x5_dilated_10cases, 0.250000, 03907.bmp, 33.845425, 0.879316 
RCAN_5x5_dilated_10cases, 0.250000, 04134.bmp, 43.739924, 0.984219 
RCAN_5x5_dilated_10cases, 0.250000, 04576.bmp, 40.313522, 0.976358 
RCAN_5x5_dilated_10cases, 0.250000, 04582.bmp, 33.771407, 0.945585 
RCAN_5x5_dilated_10cases, 0.250000, 04694.bmp, 39.230695, 0.966717 
RCAN_5x5_dilated_10cases, 0.250000, 04695.bmp, 37.709655, 0.937859 
RCAN_5x5_dilated_10cases, 0.250000, 04699.bmp, 36.766422, 0.932110 
RCAN_5x5_dilated_10cases, 0.300000, 00238.bmp, 31.049814, 0.956352 
RCAN_5x5_dilated_10cases, 0.300000, 00467.bmp, 33.596904, 0.953896 
RCAN_5x5_dilated_10cases, 0.300000, 00641.bmp, 32.282874, 0.907591 
RCAN_5x5_dilated_10cases, 0.300000, 00766.bmp, 31.205115, 0.918361 
RCAN_5x5_dilated_10cases, 0.300000, 00767.bmp, 33.987302, 0.914812 
RCAN_5x5_dilated_10cases, 0.300000, 01034.bmp, 42.454059, 0.974407 
RCAN_5x5_dilated_10cases, 0.300000, 01631.bmp, 31.987978, 0.901504 
RCAN_5x5_dilated_10cases, 0.300000, 01660.bmp, 37.114921, 0.971716 
RCAN_5x5_dilated_10cases, 0.300000, 02827.bmp, 36.910155, 0.956050 
RCAN_5x5_dilated_10cases, 0.300000, 02913.bmp, 30.091604, 0.864190 
RCAN_5x5_dilated_10cases, 0.300000, 03083.bmp, 36.216195, 0.967078 
RCAN_5x5_dilated_10cases, 0.300000, 03581.bmp, 41.692935, 0.973387 
RCAN_5x5_dilated_10cases, 0.300000, 03766.bmp, 36.276588, 0.955433 
RCAN_5x5_dilated_10cases, 0.300000, 03907.bmp, 34.733728, 0.898282 
RCAN_5x5_dilated_10cases, 0.300000, 04134.bmp, 45.084505, 0.987365 
RCAN_5x5_dilated_10cases, 0.300000, 04576.bmp, 41.623540, 0.980906 
RCAN_5x5_dilated_10cases, 0.300000, 04582.bmp, 34.977710, 0.955213 
RCAN_5x5_dilated_10cases, 0.300000, 04694.bmp, 40.708974, 0.974943 
RCAN_5x5_dilated_10cases, 0.300000, 04695.bmp, 39.046086, 0.953001 
RCAN_5x5_dilated_10cases, 0.300000, 04699.bmp, 37.803647, 0.945200 
RCAN_3x3_dilated_17cases, 0.050000, 00238.bmp, 16.391375, 0.563447 
RCAN_3x3_dilated_17cases, 0.050000, 00467.bmp, 22.417791, 0.633800 
RCAN_3x3_dilated_17cases, 0.050000, 00641.bmp, 24.138456, 0.565420 
RCAN_3x3_dilated_17cases, 0.050000, 00766.bmp, 21.348422, 0.620378 
RCAN_3x3_dilated_17cases, 0.050000, 00767.bmp, 26.454112, 0.687345 
RCAN_3x3_dilated_17cases, 0.050000, 01034.bmp, 33.930596, 0.889310 
RCAN_3x3_dilated_17cases, 0.050000, 01631.bmp, 24.237378, 0.602503 
RCAN_3x3_dilated_17cases, 0.050000, 01660.bmp, 24.378250, 0.672472 
RCAN_3x3_dilated_17cases, 0.050000, 02827.bmp, 26.966738, 0.773172 
RCAN_3x3_dilated_17cases, 0.050000, 02913.bmp, 23.660455, 0.530878 
RCAN_3x3_dilated_17cases, 0.050000, 03083.bmp, 24.416810, 0.738229 
RCAN_3x3_dilated_17cases, 0.050000, 03581.bmp, 31.610085, 0.859772 
RCAN_3x3_dilated_17cases, 0.050000, 03766.bmp, 24.328170, 0.656021 
RCAN_3x3_dilated_17cases, 0.050000, 03907.bmp, 28.872975, 0.715977 
RCAN_3x3_dilated_17cases, 0.050000, 04134.bmp, 33.214550, 0.910644 
RCAN_3x3_dilated_17cases, 0.050000, 04576.bmp, 29.283814, 0.872906 
RCAN_3x3_dilated_17cases, 0.050000, 04582.bmp, 23.395369, 0.692554 
RCAN_3x3_dilated_17cases, 0.050000, 04694.bmp, 30.295228, 0.832018 
RCAN_3x3_dilated_17cases, 0.050000, 04695.bmp, 30.592566, 0.790525 
RCAN_3x3_dilated_17cases, 0.050000, 04699.bmp, 30.285769, 0.796031 
RCAN_3x3_dilated_17cases, 0.100000, 00238.bmp, 22.476176, 0.804803 
RCAN_3x3_dilated_17cases, 0.100000, 00467.bmp, 25.641251, 0.786063 
RCAN_3x3_dilated_17cases, 0.100000, 00641.bmp, 26.510723, 0.705304 
RCAN_3x3_dilated_17cases, 0.100000, 00766.bmp, 24.016556, 0.744017 
RCAN_3x3_dilated_17cases, 0.100000, 00767.bmp, 28.753948, 0.782228 
RCAN_3x3_dilated_17cases, 0.100000, 01034.bmp, 36.669823, 0.925737 
RCAN_3x3_dilated_17cases, 0.100000, 01631.bmp, 26.634299, 0.721759 
RCAN_3x3_dilated_17cases, 0.100000, 01660.bmp, 28.359791, 0.835861 
RCAN_3x3_dilated_17cases, 0.100000, 02827.bmp, 29.603983, 0.852196 
RCAN_3x3_dilated_17cases, 0.100000, 02913.bmp, 25.302536, 0.648211 
RCAN_3x3_dilated_17cases, 0.100000, 03083.bmp, 27.599037, 0.851207 
RCAN_3x3_dilated_17cases, 0.100000, 03581.bmp, 34.502331, 0.902173 
RCAN_3x3_dilated_17cases, 0.100000, 03766.bmp, 28.045754, 0.803727 
RCAN_3x3_dilated_17cases, 0.100000, 03907.bmp, 30.285328, 0.766867 
RCAN_3x3_dilated_17cases, 0.100000, 04134.bmp, 37.187304, 0.951561 
RCAN_3x3_dilated_17cases, 0.100000, 04576.bmp, 33.813393, 0.936894 
RCAN_3x3_dilated_17cases, 0.100000, 04582.bmp, 26.952916, 0.819452 
RCAN_3x3_dilated_17cases, 0.100000, 04694.bmp, 32.947378, 0.890774 
RCAN_3x3_dilated_17cases, 0.100000, 04695.bmp, 33.131519, 0.853710 
RCAN_3x3_dilated_17cases, 0.100000, 04699.bmp, 32.717542, 0.853603 
RCAN_3x3_dilated_17cases, 0.150000, 00238.bmp, 25.417556, 0.876368 
RCAN_3x3_dilated_17cases, 0.150000, 00467.bmp, 27.999427, 0.858287 
RCAN_3x3_dilated_17cases, 0.150000, 00641.bmp, 28.070258, 0.778755 
RCAN_3x3_dilated_17cases, 0.150000, 00766.bmp, 26.273266, 0.818738 
RCAN_3x3_dilated_17cases, 0.150000, 00767.bmp, 30.367981, 0.833992 
RCAN_3x3_dilated_17cases, 0.150000, 01034.bmp, 38.597325, 0.946416 
RCAN_3x3_dilated_17cases, 0.150000, 01631.bmp, 28.018554, 0.783709 
RCAN_3x3_dilated_17cases, 0.150000, 01660.bmp, 30.903110, 0.897979 
RCAN_3x3_dilated_17cases, 0.150000, 02827.bmp, 31.577554, 0.893103 
RCAN_3x3_dilated_17cases, 0.150000, 02913.bmp, 26.705951, 0.726890 
RCAN_3x3_dilated_17cases, 0.150000, 03083.bmp, 29.982959, 0.902909 
RCAN_3x3_dilated_17cases, 0.150000, 03581.bmp, 36.585818, 0.928951 
RCAN_3x3_dilated_17cases, 0.150000, 03766.bmp, 30.832293, 0.874239 
RCAN_3x3_dilated_17cases, 0.150000, 03907.bmp, 31.554278, 0.813860 
RCAN_3x3_dilated_17cases, 0.150000, 04134.bmp, 39.624094, 0.967554 
RCAN_3x3_dilated_17cases, 0.150000, 04576.bmp, 36.506716, 0.958723 
RCAN_3x3_dilated_17cases, 0.150000, 04582.bmp, 29.640371, 0.885902 
RCAN_3x3_dilated_17cases, 0.150000, 04694.bmp, 35.515618, 0.932038 
RCAN_3x3_dilated_17cases, 0.150000, 04695.bmp, 34.842745, 0.892398 
RCAN_3x3_dilated_17cases, 0.150000, 04699.bmp, 34.258041, 0.888613 
RCAN_3x3_dilated_17cases, 0.200000, 00238.bmp, 27.381589, 0.911680 
RCAN_3x3_dilated_17cases, 0.200000, 00467.bmp, 30.025579, 0.903839 
RCAN_3x3_dilated_17cases, 0.200000, 00641.bmp, 29.439577, 0.832370 
RCAN_3x3_dilated_17cases, 0.200000, 00766.bmp, 27.845680, 0.854772 
RCAN_3x3_dilated_17cases, 0.200000, 00767.bmp, 31.692352, 0.870441 
RCAN_3x3_dilated_17cases, 0.200000, 01034.bmp, 40.039935, 0.958919 
RCAN_3x3_dilated_17cases, 0.200000, 01631.bmp, 29.354197, 0.830447 
RCAN_3x3_dilated_17cases, 0.200000, 01660.bmp, 33.141047, 0.935006 
RCAN_3x3_dilated_17cases, 0.200000, 02827.bmp, 33.541903, 0.923627 
RCAN_3x3_dilated_17cases, 0.200000, 02913.bmp, 27.948686, 0.784972 
RCAN_3x3_dilated_17cases, 0.200000, 03083.bmp, 32.282454, 0.933354 
RCAN_3x3_dilated_17cases, 0.200000, 03581.bmp, 38.477530, 0.950571 
RCAN_3x3_dilated_17cases, 0.200000, 03766.bmp, 32.833575, 0.911924 
RCAN_3x3_dilated_17cases, 0.200000, 03907.bmp, 32.680022, 0.847586 
RCAN_3x3_dilated_17cases, 0.200000, 04134.bmp, 41.223283, 0.973923 
RCAN_3x3_dilated_17cases, 0.200000, 04576.bmp, 38.487152, 0.968637 
RCAN_3x3_dilated_17cases, 0.200000, 04582.bmp, 31.568353, 0.919036 
RCAN_3x3_dilated_17cases, 0.200000, 04694.bmp, 37.379441, 0.952924 
RCAN_3x3_dilated_17cases, 0.200000, 04695.bmp, 36.296683, 0.918096 
RCAN_3x3_dilated_17cases, 0.200000, 04699.bmp, 35.493319, 0.912469 
RCAN_3x3_dilated_17cases, 0.250000, 00238.bmp, 28.924669, 0.933676 
RCAN_3x3_dilated_17cases, 0.250000, 00467.bmp, 31.856913, 0.933433 
RCAN_3x3_dilated_17cases, 0.250000, 00641.bmp, 30.793459, 0.873909 
RCAN_3x3_dilated_17cases, 0.250000, 00766.bmp, 29.533569, 0.888538 
RCAN_3x3_dilated_17cases, 0.250000, 00767.bmp, 32.751160, 0.893007 
RCAN_3x3_dilated_17cases, 0.250000, 01034.bmp, 41.067810, 0.966033 
RCAN_3x3_dilated_17cases, 0.250000, 01631.bmp, 30.577084, 0.869886 
RCAN_3x3_dilated_17cases, 0.250000, 01660.bmp, 34.967090, 0.955411 
RCAN_3x3_dilated_17cases, 0.250000, 02827.bmp, 35.277529, 0.942074 
RCAN_3x3_dilated_17cases, 0.250000, 02913.bmp, 28.881911, 0.825068 
RCAN_3x3_dilated_17cases, 0.250000, 03083.bmp, 34.339717, 0.955766 
RCAN_3x3_dilated_17cases, 0.250000, 03581.bmp, 40.161759, 0.963529 
RCAN_3x3_dilated_17cases, 0.250000, 03766.bmp, 34.620963, 0.938179 
RCAN_3x3_dilated_17cases, 0.250000, 03907.bmp, 33.658129, 0.874577 
RCAN_3x3_dilated_17cases, 0.250000, 04134.bmp, 42.781156, 0.979955 
RCAN_3x3_dilated_17cases, 0.250000, 04576.bmp, 40.134764, 0.975991 
RCAN_3x3_dilated_17cases, 0.250000, 04582.bmp, 33.098238, 0.936461 
RCAN_3x3_dilated_17cases, 0.250000, 04694.bmp, 38.964345, 0.964843 
RCAN_3x3_dilated_17cases, 0.250000, 04695.bmp, 37.699891, 0.938783 
RCAN_3x3_dilated_17cases, 0.250000, 04699.bmp, 36.631459, 0.930111 
RCAN_3x3_dilated_17cases, 0.300000, 00238.bmp, 30.486713, 0.950075 
RCAN_3x3_dilated_17cases, 0.300000, 00467.bmp, 33.480248, 0.952102 
RCAN_3x3_dilated_17cases, 0.300000, 00641.bmp, 32.121383, 0.904068 
RCAN_3x3_dilated_17cases, 0.300000, 00766.bmp, 31.012600, 0.914097 
RCAN_3x3_dilated_17cases, 0.300000, 00767.bmp, 33.805550, 0.909900 
RCAN_3x3_dilated_17cases, 0.300000, 01034.bmp, 41.619202, 0.968691 
RCAN_3x3_dilated_17cases, 0.300000, 01631.bmp, 31.729712, 0.896205 
RCAN_3x3_dilated_17cases, 0.300000, 01660.bmp, 36.984086, 0.970672 
RCAN_3x3_dilated_17cases, 0.300000, 02827.bmp, 36.828510, 0.954316 
RCAN_3x3_dilated_17cases, 0.300000, 02913.bmp, 29.896683, 0.858121 
RCAN_3x3_dilated_17cases, 0.300000, 03083.bmp, 36.105703, 0.966051 
RCAN_3x3_dilated_17cases, 0.300000, 03581.bmp, 41.061098, 0.968185 
RCAN_3x3_dilated_17cases, 0.300000, 03766.bmp, 36.081921, 0.952892 
RCAN_3x3_dilated_17cases, 0.300000, 03907.bmp, 34.555765, 0.894093 
RCAN_3x3_dilated_17cases, 0.300000, 04134.bmp, 44.296374, 0.985169 
RCAN_3x3_dilated_17cases, 0.300000, 04576.bmp, 40.993983, 0.977685 
RCAN_3x3_dilated_17cases, 0.300000, 04582.bmp, 34.757101, 0.952786 
RCAN_3x3_dilated_17cases, 0.300000, 04694.bmp, 40.193218, 0.971246 
RCAN_3x3_dilated_17cases, 0.300000, 04695.bmp, 38.807784, 0.950787 
RCAN_3x3_dilated_17cases, 0.300000, 04699.bmp, 37.636213, 0.942891 
RCAN_5x5_17cases, 0.050000, 00238.bmp, 17.124258, 0.594566 
RCAN_5x5_17cases, 0.050000, 00467.bmp, 22.163022, 0.617939 
RCAN_5x5_17cases, 0.050000, 00641.bmp, 24.236635, 0.567395 
RCAN_5x5_17cases, 0.050000, 00766.bmp, 21.409649, 0.616951 
RCAN_5x5_17cases, 0.050000, 00767.bmp, 26.594624, 0.698067 
RCAN_5x5_17cases, 0.050000, 01034.bmp, 34.300195, 0.895778 
RCAN_5x5_17cases, 0.050000, 01631.bmp, 24.512958, 0.606669 
RCAN_5x5_17cases, 0.050000, 01660.bmp, 24.719146, 0.693169 
RCAN_5x5_17cases, 0.050000, 02827.bmp, 27.007093, 0.773724 
RCAN_5x5_17cases, 0.050000, 02913.bmp, 23.735465, 0.547381 
RCAN_5x5_17cases, 0.050000, 03083.bmp, 24.417659, 0.740934 
RCAN_5x5_17cases, 0.050000, 03581.bmp, 31.668811, 0.859127 
RCAN_5x5_17cases, 0.050000, 03766.bmp, 24.584094, 0.672675 
RCAN_5x5_17cases, 0.050000, 03907.bmp, 28.798918, 0.711030 
RCAN_5x5_17cases, 0.050000, 04134.bmp, 33.290950, 0.911557 
RCAN_5x5_17cases, 0.050000, 04576.bmp, 29.419165, 0.877421 
RCAN_5x5_17cases, 0.050000, 04582.bmp, 23.552132, 0.700987 
RCAN_5x5_17cases, 0.050000, 04694.bmp, 30.003798, 0.830819 
RCAN_5x5_17cases, 0.050000, 04695.bmp, 30.597591, 0.792668 
RCAN_5x5_17cases, 0.050000, 04699.bmp, 30.442103, 0.800519 
RCAN_5x5_17cases, 0.100000, 00238.bmp, 22.863791, 0.813816 
RCAN_5x5_17cases, 0.100000, 00467.bmp, 25.591076, 0.781701 
RCAN_5x5_17cases, 0.100000, 00641.bmp, 26.500411, 0.700515 
RCAN_5x5_17cases, 0.100000, 00766.bmp, 24.170834, 0.752347 
RCAN_5x5_17cases, 0.100000, 00767.bmp, 28.876460, 0.785790 
RCAN_5x5_17cases, 0.100000, 01034.bmp, 37.008509, 0.930664 
RCAN_5x5_17cases, 0.100000, 01631.bmp, 26.451268, 0.711473 
RCAN_5x5_17cases, 0.100000, 01660.bmp, 28.322491, 0.835110 
RCAN_5x5_17cases, 0.100000, 02827.bmp, 29.472653, 0.847440 
RCAN_5x5_17cases, 0.100000, 02913.bmp, 25.493084, 0.652943 
RCAN_5x5_17cases, 0.100000, 03083.bmp, 27.606790, 0.848906 
RCAN_5x5_17cases, 0.100000, 03581.bmp, 34.615865, 0.903191 
RCAN_5x5_17cases, 0.100000, 03766.bmp, 28.160671, 0.806577 
RCAN_5x5_17cases, 0.100000, 03907.bmp, 30.321822, 0.769124 
RCAN_5x5_17cases, 0.100000, 04134.bmp, 37.447603, 0.954418 
RCAN_5x5_17cases, 0.100000, 04576.bmp, 34.158025, 0.941211 
RCAN_5x5_17cases, 0.100000, 04582.bmp, 27.001711, 0.826762 
RCAN_5x5_17cases, 0.100000, 04694.bmp, 33.392499, 0.899480 
RCAN_5x5_17cases, 0.100000, 04695.bmp, 33.273489, 0.857094 
RCAN_5x5_17cases, 0.100000, 04699.bmp, 32.823601, 0.858059 
RCAN_5x5_17cases, 0.150000, 00238.bmp, 25.724143, 0.885373 
RCAN_5x5_17cases, 0.150000, 00467.bmp, 28.187377, 0.864396 
RCAN_5x5_17cases, 0.150000, 00641.bmp, 28.160071, 0.784227 
RCAN_5x5_17cases, 0.150000, 00766.bmp, 26.244893, 0.814737 
RCAN_5x5_17cases, 0.150000, 00767.bmp, 30.254970, 0.830365 
RCAN_5x5_17cases, 0.150000, 01034.bmp, 38.763377, 0.948302 
RCAN_5x5_17cases, 0.150000, 01631.bmp, 28.113835, 0.787469 
RCAN_5x5_17cases, 0.150000, 01660.bmp, 31.030504, 0.900609 
RCAN_5x5_17cases, 0.150000, 02827.bmp, 31.825814, 0.898172 
RCAN_5x5_17cases, 0.150000, 02913.bmp, 26.784963, 0.729979 
RCAN_5x5_17cases, 0.150000, 03083.bmp, 30.203645, 0.906742 
RCAN_5x5_17cases, 0.150000, 03581.bmp, 36.867465, 0.933024 
RCAN_5x5_17cases, 0.150000, 03766.bmp, 30.896919, 0.873211 
RCAN_5x5_17cases, 0.150000, 03907.bmp, 31.643614, 0.815601 
RCAN_5x5_17cases, 0.150000, 04134.bmp, 40.241908, 0.970805 
RCAN_5x5_17cases, 0.150000, 04576.bmp, 37.140764, 0.962343 
RCAN_5x5_17cases, 0.150000, 04582.bmp, 29.875133, 0.891589 
RCAN_5x5_17cases, 0.150000, 04694.bmp, 35.710888, 0.934741 
RCAN_5x5_17cases, 0.150000, 04695.bmp, 35.093084, 0.897987 
RCAN_5x5_17cases, 0.150000, 04699.bmp, 34.439027, 0.893383 
RCAN_5x5_17cases, 0.200000, 00238.bmp, 27.716673, 0.918036 
RCAN_5x5_17cases, 0.200000, 00467.bmp, 30.186269, 0.907964 
RCAN_5x5_17cases, 0.200000, 00641.bmp, 29.502408, 0.833544 
RCAN_5x5_17cases, 0.200000, 00766.bmp, 28.139571, 0.863958 
RCAN_5x5_17cases, 0.200000, 00767.bmp, 31.707320, 0.869806 
RCAN_5x5_17cases, 0.200000, 01034.bmp, 40.324277, 0.961209 
RCAN_5x5_17cases, 0.200000, 01631.bmp, 29.439172, 0.836770 
RCAN_5x5_17cases, 0.200000, 01660.bmp, 33.529395, 0.940786 
RCAN_5x5_17cases, 0.200000, 02827.bmp, 33.878281, 0.928610 
RCAN_5x5_17cases, 0.200000, 02913.bmp, 27.901771, 0.784148 
RCAN_5x5_17cases, 0.200000, 03083.bmp, 32.476856, 0.938493 
RCAN_5x5_17cases, 0.200000, 03581.bmp, 38.855638, 0.953803 
RCAN_5x5_17cases, 0.200000, 03766.bmp, 33.183881, 0.918109 
RCAN_5x5_17cases, 0.200000, 03907.bmp, 32.917902, 0.855856 
RCAN_5x5_17cases, 0.200000, 04134.bmp, 42.171060, 0.979019 
RCAN_5x5_17cases, 0.200000, 04576.bmp, 39.000194, 0.972362 
RCAN_5x5_17cases, 0.200000, 04582.bmp, 31.919274, 0.924640 
RCAN_5x5_17cases, 0.200000, 04694.bmp, 37.605410, 0.954795 
RCAN_5x5_17cases, 0.200000, 04695.bmp, 36.613280, 0.923781 
RCAN_5x5_17cases, 0.200000, 04699.bmp, 35.717608, 0.917388 
RCAN_5x5_17cases, 0.250000, 00238.bmp, 29.316472, 0.937002 
RCAN_5x5_17cases, 0.250000, 00467.bmp, 32.088950, 0.937464 
RCAN_5x5_17cases, 0.250000, 00641.bmp, 30.940371, 0.877119 
RCAN_5x5_17cases, 0.250000, 00766.bmp, 29.707489, 0.892869 
RCAN_5x5_17cases, 0.250000, 00767.bmp, 32.929117, 0.896997 
RCAN_5x5_17cases, 0.250000, 01034.bmp, 41.505585, 0.968935 
RCAN_5x5_17cases, 0.250000, 01631.bmp, 30.877823, 0.875172 
RCAN_5x5_17cases, 0.250000, 01660.bmp, 35.667839, 0.961545 
RCAN_5x5_17cases, 0.250000, 02827.bmp, 35.510868, 0.941878 
RCAN_5x5_17cases, 0.250000, 02913.bmp, 28.984950, 0.827859 
RCAN_5x5_17cases, 0.250000, 03083.bmp, 34.716918, 0.958517 
RCAN_5x5_17cases, 0.250000, 03581.bmp, 40.503158, 0.966512 
RCAN_5x5_17cases, 0.250000, 03766.bmp, 35.011997, 0.942277 
RCAN_5x5_17cases, 0.250000, 03907.bmp, 33.938120, 0.881324 
RCAN_5x5_17cases, 0.250000, 04134.bmp, 43.759074, 0.983908 
RCAN_5x5_17cases, 0.250000, 04576.bmp, 40.665499, 0.978041 
RCAN_5x5_17cases, 0.250000, 04582.bmp, 33.918784, 0.946474 
RCAN_5x5_17cases, 0.250000, 04694.bmp, 39.360812, 0.968040 
RCAN_5x5_17cases, 0.250000, 04695.bmp, 37.864288, 0.940359 
RCAN_5x5_17cases, 0.250000, 04699.bmp, 36.866449, 0.933408 
RCAN_5x5_17cases, 0.300000, 00238.bmp, 31.100068, 0.955918 
RCAN_5x5_17cases, 0.300000, 00467.bmp, 33.717094, 0.954826 
RCAN_5x5_17cases, 0.300000, 00641.bmp, 32.281265, 0.907376 
RCAN_5x5_17cases, 0.300000, 00766.bmp, 31.315778, 0.918900 
RCAN_5x5_17cases, 0.300000, 00767.bmp, 34.066712, 0.916287 
RCAN_5x5_17cases, 0.300000, 01034.bmp, 42.590083, 0.975142 
RCAN_5x5_17cases, 0.300000, 01631.bmp, 32.119161, 0.903245 
RCAN_5x5_17cases, 0.300000, 01660.bmp, 37.353383, 0.973168 
RCAN_5x5_17cases, 0.300000, 02827.bmp, 37.349944, 0.958975 
RCAN_5x5_17cases, 0.300000, 02913.bmp, 29.970850, 0.859507 
RCAN_5x5_17cases, 0.300000, 03083.bmp, 36.324461, 0.968169 
RCAN_5x5_17cases, 0.300000, 03581.bmp, 41.846271, 0.973856 
RCAN_5x5_17cases, 0.300000, 03766.bmp, 36.624498, 0.958325 
RCAN_5x5_17cases, 0.300000, 03907.bmp, 34.887728, 0.901908 
RCAN_5x5_17cases, 0.300000, 04134.bmp, 45.203026, 0.987574 
RCAN_5x5_17cases, 0.300000, 04576.bmp, 41.830316, 0.981472 
RCAN_5x5_17cases, 0.300000, 04582.bmp, 35.419652, 0.958273 
RCAN_5x5_17cases, 0.300000, 04694.bmp, 40.889308, 0.975631 
RCAN_5x5_17cases, 0.300000, 04695.bmp, 39.124581, 0.953312 
RCAN_5x5_17cases, 0.300000, 04699.bmp, 37.892929, 0.946118 
EDSR_5x5_17cases, 0.050000, 00238.bmp, 16.731953, 0.564205 
EDSR_5x5_17cases, 0.050000, 00467.bmp, 22.058058, 0.609778 
EDSR_5x5_17cases, 0.050000, 00641.bmp, 24.122907, 0.561725 
EDSR_5x5_17cases, 0.050000, 00766.bmp, 21.284896, 0.616744 
EDSR_5x5_17cases, 0.050000, 00767.bmp, 26.626495, 0.698976 
EDSR_5x5_17cases, 0.050000, 01034.bmp, 33.984447, 0.892622 
EDSR_5x5_17cases, 0.050000, 01631.bmp, 24.111175, 0.588955 
EDSR_5x5_17cases, 0.050000, 01660.bmp, 24.330214, 0.675899 
EDSR_5x5_17cases, 0.050000, 02827.bmp, 27.057538, 0.770955 
EDSR_5x5_17cases, 0.050000, 02913.bmp, 23.570929, 0.524443 
EDSR_5x5_17cases, 0.050000, 03083.bmp, 24.451001, 0.737985 
EDSR_5x5_17cases, 0.050000, 03581.bmp, 31.547277, 0.856600 
EDSR_5x5_17cases, 0.050000, 03766.bmp, 24.270296, 0.650352 
EDSR_5x5_17cases, 0.050000, 03907.bmp, 28.709493, 0.708990 
EDSR_5x5_17cases, 0.050000, 04134.bmp, 32.958040, 0.906742 
EDSR_5x5_17cases, 0.050000, 04576.bmp, 29.452445, 0.875822 
EDSR_5x5_17cases, 0.050000, 04582.bmp, 23.493322, 0.691493 
EDSR_5x5_17cases, 0.050000, 04694.bmp, 29.878566, 0.821505 
EDSR_5x5_17cases, 0.050000, 04695.bmp, 30.561352, 0.789038 
EDSR_5x5_17cases, 0.050000, 04699.bmp, 30.296348, 0.793312 
EDSR_5x5_17cases, 0.100000, 00238.bmp, 22.733651, 0.811735 
EDSR_5x5_17cases, 0.100000, 00467.bmp, 25.531213, 0.778725 
EDSR_5x5_17cases, 0.100000, 00641.bmp, 26.308014, 0.688863 
EDSR_5x5_17cases, 0.100000, 00766.bmp, 24.111799, 0.746548 
EDSR_5x5_17cases, 0.100000, 00767.bmp, 28.696795, 0.774765 
EDSR_5x5_17cases, 0.100000, 01034.bmp, 36.805262, 0.927523 
EDSR_5x5_17cases, 0.100000, 01631.bmp, 26.345874, 0.704951 
EDSR_5x5_17cases, 0.100000, 01660.bmp, 28.218333, 0.829541 
EDSR_5x5_17cases, 0.100000, 02827.bmp, 29.520137, 0.849113 
EDSR_5x5_17cases, 0.100000, 02913.bmp, 25.295115, 0.639349 
EDSR_5x5_17cases, 0.100000, 03083.bmp, 27.723777, 0.854556 
EDSR_5x5_17cases, 0.100000, 03581.bmp, 34.515732, 0.899830 
EDSR_5x5_17cases, 0.100000, 03766.bmp, 28.190168, 0.804865 
EDSR_5x5_17cases, 0.100000, 03907.bmp, 30.365981, 0.769515 
EDSR_5x5_17cases, 0.100000, 04134.bmp, 37.147352, 0.951615 
EDSR_5x5_17cases, 0.100000, 04576.bmp, 33.887920, 0.936797 
EDSR_5x5_17cases, 0.100000, 04582.bmp, 26.850223, 0.817339 
EDSR_5x5_17cases, 0.100000, 04694.bmp, 33.181552, 0.896895 
EDSR_5x5_17cases, 0.100000, 04695.bmp, 33.144623, 0.856227 
EDSR_5x5_17cases, 0.100000, 04699.bmp, 32.652277, 0.855245 
EDSR_5x5_17cases, 0.150000, 00238.bmp, 25.453942, 0.874377 
EDSR_5x5_17cases, 0.150000, 00467.bmp, 27.964409, 0.858370 
EDSR_5x5_17cases, 0.150000, 00641.bmp, 28.000200, 0.777805 
EDSR_5x5_17cases, 0.150000, 00766.bmp, 26.264409, 0.814696 
EDSR_5x5_17cases, 0.150000, 00767.bmp, 30.359832, 0.832042 
EDSR_5x5_17cases, 0.150000, 01034.bmp, 38.586674, 0.945991 
EDSR_5x5_17cases, 0.150000, 01631.bmp, 28.127105, 0.788707 
EDSR_5x5_17cases, 0.150000, 01660.bmp, 30.919465, 0.899587 
EDSR_5x5_17cases, 0.150000, 02827.bmp, 31.744579, 0.897102 
EDSR_5x5_17cases, 0.150000, 02913.bmp, 26.709436, 0.723541 
EDSR_5x5_17cases, 0.150000, 03083.bmp, 30.240588, 0.908060 
EDSR_5x5_17cases, 0.150000, 03581.bmp, 36.811869, 0.931343 
EDSR_5x5_17cases, 0.150000, 03766.bmp, 30.857458, 0.873527 
EDSR_5x5_17cases, 0.150000, 03907.bmp, 31.519432, 0.811338 
EDSR_5x5_17cases, 0.150000, 04134.bmp, 39.928069, 0.969224 
EDSR_5x5_17cases, 0.150000, 04576.bmp, 36.827093, 0.961496 
EDSR_5x5_17cases, 0.150000, 04582.bmp, 29.780135, 0.890612 
EDSR_5x5_17cases, 0.150000, 04694.bmp, 35.596899, 0.933024 
EDSR_5x5_17cases, 0.150000, 04695.bmp, 34.913761, 0.893215 
EDSR_5x5_17cases, 0.150000, 04699.bmp, 34.386029, 0.892027 
EDSR_5x5_17cases, 0.200000, 00238.bmp, 27.507022, 0.914177 
EDSR_5x5_17cases, 0.200000, 00467.bmp, 30.147001, 0.906983 
EDSR_5x5_17cases, 0.200000, 00641.bmp, 29.580873, 0.835300 
EDSR_5x5_17cases, 0.200000, 00766.bmp, 27.806762, 0.853395 
EDSR_5x5_17cases, 0.200000, 00767.bmp, 31.691242, 0.867302 
EDSR_5x5_17cases, 0.200000, 01034.bmp, 40.176433, 0.959822 
EDSR_5x5_17cases, 0.200000, 01631.bmp, 29.323568, 0.830850 
EDSR_5x5_17cases, 0.200000, 01660.bmp, 33.189698, 0.936886 
EDSR_5x5_17cases, 0.200000, 02827.bmp, 33.662400, 0.924742 
EDSR_5x5_17cases, 0.200000, 02913.bmp, 27.871133, 0.778746 
EDSR_5x5_17cases, 0.200000, 03083.bmp, 32.383479, 0.936241 
EDSR_5x5_17cases, 0.200000, 03581.bmp, 38.481637, 0.950777 
EDSR_5x5_17cases, 0.200000, 03766.bmp, 33.004709, 0.914607 
EDSR_5x5_17cases, 0.200000, 03907.bmp, 32.702422, 0.848572 
EDSR_5x5_17cases, 0.200000, 04134.bmp, 42.098421, 0.979049 
EDSR_5x5_17cases, 0.200000, 04576.bmp, 38.898352, 0.971399 
EDSR_5x5_17cases, 0.200000, 04582.bmp, 31.888084, 0.922384 
EDSR_5x5_17cases, 0.200000, 04694.bmp, 37.455378, 0.952785 
EDSR_5x5_17cases, 0.200000, 04695.bmp, 36.365321, 0.919821 
EDSR_5x5_17cases, 0.200000, 04699.bmp, 35.603820, 0.914893 
EDSR_5x5_17cases, 0.250000, 00238.bmp, 29.411601, 0.937486 
EDSR_5x5_17cases, 0.250000, 00467.bmp, 32.116967, 0.937369 
EDSR_5x5_17cases, 0.250000, 00641.bmp, 30.780380, 0.872241 
EDSR_5x5_17cases, 0.250000, 00766.bmp, 29.612294, 0.891709 
EDSR_5x5_17cases, 0.250000, 00767.bmp, 32.876127, 0.896750 
EDSR_5x5_17cases, 0.250000, 01034.bmp, 41.243635, 0.967215 
EDSR_5x5_17cases, 0.250000, 01631.bmp, 30.813920, 0.875121 
EDSR_5x5_17cases, 0.250000, 01660.bmp, 35.282763, 0.958649 
EDSR_5x5_17cases, 0.250000, 02827.bmp, 35.439718, 0.943888 
EDSR_5x5_17cases, 0.250000, 02913.bmp, 28.892918, 0.824426 
EDSR_5x5_17cases, 0.250000, 03083.bmp, 34.385938, 0.955611 
EDSR_5x5_17cases, 0.250000, 03581.bmp, 40.389624, 0.965345 
EDSR_5x5_17cases, 0.250000, 03766.bmp, 34.648906, 0.937803 
EDSR_5x5_17cases, 0.250000, 03907.bmp, 33.736386, 0.875799 
EDSR_5x5_17cases, 0.250000, 04134.bmp, 43.572718, 0.983222 
EDSR_5x5_17cases, 0.250000, 04576.bmp, 40.473895, 0.977465 
EDSR_5x5_17cases, 0.250000, 04582.bmp, 33.622068, 0.942258 
EDSR_5x5_17cases, 0.250000, 04694.bmp, 39.086068, 0.965551 
EDSR_5x5_17cases, 0.250000, 04695.bmp, 37.813970, 0.939833 
EDSR_5x5_17cases, 0.250000, 04699.bmp, 36.673332, 0.931370 
EDSR_5x5_17cases, 0.300000, 00238.bmp, 30.947649, 0.954420 
EDSR_5x5_17cases, 0.300000, 00467.bmp, 33.584427, 0.953749 
EDSR_5x5_17cases, 0.300000, 00641.bmp, 32.134993, 0.904589 
EDSR_5x5_17cases, 0.300000, 00766.bmp, 31.097224, 0.915480 
EDSR_5x5_17cases, 0.300000, 00767.bmp, 33.940401, 0.912164 
EDSR_5x5_17cases, 0.300000, 01034.bmp, 42.455572, 0.974273 
EDSR_5x5_17cases, 0.300000, 01631.bmp, 31.860414, 0.897617 
EDSR_5x5_17cases, 0.300000, 01660.bmp, 37.128293, 0.971769 
EDSR_5x5_17cases, 0.300000, 02827.bmp, 37.014653, 0.955153 
EDSR_5x5_17cases, 0.300000, 02913.bmp, 29.873221, 0.856480 
EDSR_5x5_17cases, 0.300000, 03083.bmp, 36.401831, 0.968022 
EDSR_5x5_17cases, 0.300000, 03581.bmp, 41.668643, 0.973025 
EDSR_5x5_17cases, 0.300000, 03766.bmp, 36.455821, 0.956154 
EDSR_5x5_17cases, 0.300000, 03907.bmp, 34.793384, 0.899209 
EDSR_5x5_17cases, 0.300000, 04134.bmp, 45.011291, 0.987016 
EDSR_5x5_17cases, 0.300000, 04576.bmp, 41.704992, 0.980694 
EDSR_5x5_17cases, 0.300000, 04582.bmp, 35.151683, 0.955673 
EDSR_5x5_17cases, 0.300000, 04694.bmp, 40.571695, 0.973582 
EDSR_5x5_17cases, 0.300000, 04695.bmp, 39.037231, 0.952702 
EDSR_5x5_17cases, 0.300000, 04699.bmp, 37.731878, 0.944548 
EDSR_3x3_10cases, 0.050000, 00238.bmp, 14.382062, 0.350847 
EDSR_3x3_10cases, 0.050000, 00467.bmp, 22.034978, 0.612495 
EDSR_3x3_10cases, 0.050000, 00641.bmp, 24.049293, 0.556520 
EDSR_3x3_10cases, 0.050000, 00766.bmp, 20.896930, 0.576601 
EDSR_3x3_10cases, 0.050000, 00767.bmp, 26.058869, 0.656500 
EDSR_3x3_10cases, 0.050000, 01034.bmp, 33.638202, 0.884410 
EDSR_3x3_10cases, 0.050000, 01631.bmp, 23.899404, 0.583263 
EDSR_3x3_10cases, 0.050000, 01660.bmp, 23.843630, 0.640079 
EDSR_3x3_10cases, 0.050000, 02827.bmp, 26.663350, 0.752434 
EDSR_3x3_10cases, 0.050000, 02913.bmp, 23.476150, 0.510406 
EDSR_3x3_10cases, 0.050000, 03083.bmp, 23.942481, 0.707485 
EDSR_3x3_10cases, 0.050000, 03581.bmp, 31.355172, 0.853527 
EDSR_3x3_10cases, 0.050000, 03766.bmp, 23.779595, 0.623651 
EDSR_3x3_10cases, 0.050000, 03907.bmp, 28.482329, 0.696187 
EDSR_3x3_10cases, 0.050000, 04134.bmp, 32.390471, 0.895988 
EDSR_3x3_10cases, 0.050000, 04576.bmp, 28.438470, 0.843466 
EDSR_3x3_10cases, 0.050000, 04582.bmp, 22.995924, 0.670096 
EDSR_3x3_10cases, 0.050000, 04694.bmp, 29.552313, 0.810759 
EDSR_3x3_10cases, 0.050000, 04695.bmp, 30.201107, 0.780403 
EDSR_3x3_10cases, 0.050000, 04699.bmp, 29.615108, 0.775932 
EDSR_3x3_10cases, 0.100000, 00238.bmp, 21.501556, 0.777191 
EDSR_3x3_10cases, 0.100000, 00467.bmp, 25.268949, 0.768280 
EDSR_3x3_10cases, 0.100000, 00641.bmp, 26.156711, 0.679025 
EDSR_3x3_10cases, 0.100000, 00766.bmp, 23.247033, 0.695898 
EDSR_3x3_10cases, 0.100000, 00767.bmp, 28.500343, 0.761758 
EDSR_3x3_10cases, 0.100000, 01034.bmp, 36.629389, 0.924858 
EDSR_3x3_10cases, 0.100000, 01631.bmp, 26.187541, 0.697757 
EDSR_3x3_10cases, 0.100000, 01660.bmp, 27.514987, 0.800359 
EDSR_3x3_10cases, 0.100000, 02827.bmp, 29.351902, 0.841137 
EDSR_3x3_10cases, 0.100000, 02913.bmp, 25.218573, 0.626619 
EDSR_3x3_10cases, 0.100000, 03083.bmp, 27.023405, 0.823579 
EDSR_3x3_10cases, 0.100000, 03581.bmp, 34.303501, 0.900268 
EDSR_3x3_10cases, 0.100000, 03766.bmp, 27.633278, 0.786093 
EDSR_3x3_10cases, 0.100000, 03907.bmp, 30.026694, 0.755715 
EDSR_3x3_10cases, 0.100000, 04134.bmp, 36.803830, 0.948074 
EDSR_3x3_10cases, 0.100000, 04576.bmp, 32.627004, 0.919167 
EDSR_3x3_10cases, 0.100000, 04582.bmp, 26.570289, 0.805009 
EDSR_3x3_10cases, 0.100000, 04694.bmp, 32.774927, 0.886201 
EDSR_3x3_10cases, 0.100000, 04695.bmp, 32.835434, 0.844917 
EDSR_3x3_10cases, 0.100000, 04699.bmp, 32.321587, 0.845677 
EDSR_3x3_10cases, 0.150000, 00238.bmp, 24.199123, 0.851038 
EDSR_3x3_10cases, 0.150000, 00467.bmp, 27.571619, 0.844895 
EDSR_3x3_10cases, 0.150000, 00641.bmp, 27.894916, 0.774224 
EDSR_3x3_10cases, 0.150000, 00766.bmp, 25.656824, 0.796647 
EDSR_3x3_10cases, 0.150000, 00767.bmp, 29.990193, 0.816185 
EDSR_3x3_10cases, 0.150000, 01034.bmp, 38.253392, 0.942133 
EDSR_3x3_10cases, 0.150000, 01631.bmp, 27.769846, 0.772940 
EDSR_3x3_10cases, 0.150000, 01660.bmp, 30.422845, 0.885469 
EDSR_3x3_10cases, 0.150000, 02827.bmp, 31.359551, 0.884745 
EDSR_3x3_10cases, 0.150000, 02913.bmp, 26.445548, 0.707674 
EDSR_3x3_10cases, 0.150000, 03083.bmp, 29.290846, 0.886610 
EDSR_3x3_10cases, 0.150000, 03581.bmp, 36.494622, 0.927822 
EDSR_3x3_10cases, 0.150000, 03766.bmp, 30.439406, 0.865014 
EDSR_3x3_10cases, 0.150000, 03907.bmp, 31.250193, 0.800879 
EDSR_3x3_10cases, 0.150000, 04134.bmp, 39.541458, 0.966853 
EDSR_3x3_10cases, 0.150000, 04576.bmp, 35.630315, 0.951371 
EDSR_3x3_10cases, 0.150000, 04582.bmp, 29.289220, 0.879012 
EDSR_3x3_10cases, 0.150000, 04694.bmp, 35.287318, 0.929578 
EDSR_3x3_10cases, 0.150000, 04695.bmp, 34.777670, 0.889599 
EDSR_3x3_10cases, 0.150000, 04699.bmp, 34.041976, 0.885165 
EDSR_3x3_10cases, 0.200000, 00238.bmp, 26.681698, 0.902466 
EDSR_3x3_10cases, 0.200000, 00467.bmp, 29.652050, 0.897452 
EDSR_3x3_10cases, 0.200000, 00641.bmp, 29.343843, 0.828926 
EDSR_3x3_10cases, 0.200000, 00766.bmp, 27.457413, 0.847232 
EDSR_3x3_10cases, 0.200000, 00767.bmp, 31.347037, 0.858837 
EDSR_3x3_10cases, 0.200000, 01034.bmp, 39.786230, 0.956337 
EDSR_3x3_10cases, 0.200000, 01631.bmp, 29.070090, 0.820629 
EDSR_3x3_10cases, 0.200000, 01660.bmp, 32.810782, 0.929697 
EDSR_3x3_10cases, 0.200000, 02827.bmp, 33.505930, 0.922417 
EDSR_3x3_10cases, 0.200000, 02913.bmp, 27.524319, 0.761395 
EDSR_3x3_10cases, 0.200000, 03083.bmp, 31.695270, 0.928139 
EDSR_3x3_10cases, 0.200000, 03581.bmp, 38.270263, 0.947949 
EDSR_3x3_10cases, 0.200000, 03766.bmp, 32.599857, 0.906611 
EDSR_3x3_10cases, 0.200000, 03907.bmp, 32.133366, 0.827480 
EDSR_3x3_10cases, 0.200000, 04134.bmp, 41.670034, 0.977101 
EDSR_3x3_10cases, 0.200000, 04576.bmp, 37.901430, 0.964440 
EDSR_3x3_10cases, 0.200000, 04582.bmp, 31.318392, 0.913313 
EDSR_3x3_10cases, 0.200000, 04694.bmp, 36.987888, 0.948017 
EDSR_3x3_10cases, 0.200000, 04695.bmp, 36.048128, 0.912096 
EDSR_3x3_10cases, 0.200000, 04699.bmp, 35.234889, 0.907441 
EDSR_3x3_10cases, 0.250000, 00238.bmp, 28.252013, 0.922863 
EDSR_3x3_10cases, 0.250000, 00467.bmp, 31.600471, 0.930796 
EDSR_3x3_10cases, 0.250000, 00641.bmp, 30.665271, 0.870335 
EDSR_3x3_10cases, 0.250000, 00766.bmp, 29.130348, 0.880797 
EDSR_3x3_10cases, 0.250000, 00767.bmp, 32.350625, 0.881083 
EDSR_3x3_10cases, 0.250000, 01034.bmp, 41.096209, 0.965976 
EDSR_3x3_10cases, 0.250000, 01631.bmp, 30.334109, 0.860886 
EDSR_3x3_10cases, 0.250000, 01660.bmp, 34.965970, 0.955271 
EDSR_3x3_10cases, 0.250000, 02827.bmp, 35.152184, 0.940261 
EDSR_3x3_10cases, 0.250000, 02913.bmp, 28.650913, 0.808974 
EDSR_3x3_10cases, 0.250000, 03083.bmp, 33.348513, 0.945905 
EDSR_3x3_10cases, 0.250000, 03581.bmp, 40.044625, 0.962922 
EDSR_3x3_10cases, 0.250000, 03766.bmp, 34.394656, 0.934396 
EDSR_3x3_10cases, 0.250000, 03907.bmp, 33.154072, 0.856089 
EDSR_3x3_10cases, 0.250000, 04134.bmp, 43.216549, 0.982640 
EDSR_3x3_10cases, 0.250000, 04576.bmp, 39.636604, 0.972929 
EDSR_3x3_10cases, 0.250000, 04582.bmp, 33.266098, 0.939175 
EDSR_3x3_10cases, 0.250000, 04694.bmp, 38.753477, 0.963290 
EDSR_3x3_10cases, 0.250000, 04695.bmp, 37.278822, 0.931571 
EDSR_3x3_10cases, 0.250000, 04699.bmp, 36.352567, 0.926281 
EDSR_3x3_10cases, 0.300000, 00238.bmp, 30.404189, 0.949168 
EDSR_3x3_10cases, 0.300000, 00467.bmp, 33.173139, 0.949181 
EDSR_3x3_10cases, 0.300000, 00641.bmp, 31.906683, 0.899508 
EDSR_3x3_10cases, 0.300000, 00766.bmp, 30.565912, 0.906789 
EDSR_3x3_10cases, 0.300000, 00767.bmp, 33.468519, 0.902527 
EDSR_3x3_10cases, 0.300000, 01034.bmp, 42.219425, 0.973148 
EDSR_3x3_10cases, 0.300000, 01631.bmp, 31.581148, 0.892222 
EDSR_3x3_10cases, 0.300000, 01660.bmp, 36.636433, 0.968631 
EDSR_3x3_10cases, 0.300000, 02827.bmp, 36.625237, 0.952586 
EDSR_3x3_10cases, 0.300000, 02913.bmp, 29.693300, 0.849336 
EDSR_3x3_10cases, 0.300000, 03083.bmp, 35.425629, 0.962030 
EDSR_3x3_10cases, 0.300000, 03581.bmp, 41.433506, 0.971761 
EDSR_3x3_10cases, 0.300000, 03766.bmp, 36.097346, 0.952301 
EDSR_3x3_10cases, 0.300000, 03907.bmp, 34.000214, 0.877987 
EDSR_3x3_10cases, 0.300000, 04134.bmp, 44.476445, 0.985843 
EDSR_3x3_10cases, 0.300000, 04576.bmp, 40.863328, 0.978066 
EDSR_3x3_10cases, 0.300000, 04582.bmp, 34.672067, 0.950236 
EDSR_3x3_10cases, 0.300000, 04694.bmp, 40.187061, 0.972449 
EDSR_3x3_10cases, 0.300000, 04695.bmp, 38.765715, 0.950320 
EDSR_3x3_10cases, 0.300000, 04699.bmp, 37.393155, 0.940182 
