2.6053,0.24542,1.0185,0.18393,0.8119,0.15876,0.69377,0.14659,0.64276,0.14093,0.60261,0.13816,0.58343,0.13611,0.56474,0.13488,0.5592,0.13428,0.56857,0.13398,0.56596,0.13376,0.5741,0.13364,0.56911,0.13353,0.56054,0.13343,0.56174,0.13338,0.56949,0.13342,0.574,0.13343,0.56881,0.13339,0.57899,0.13344,0.57098,0.13341,0.58379,0.13346,34.124
2.1133,0.1518,0.66357,0.11599,0.51853,0.092676,0.40689,0.083139,0.37198,0.078131,0.3545,0.076035,0.35122,0.074832,0.34795,0.074252,0.34189,0.074131,0.34309,0.074023,0.33024,0.074067,0.33652,0.074041,0.32532,0.074129,0.32266,0.074062,0.32964,0.073989,0.33039,0.074015,0.33042,0.07403,0.33448,0.07422,0.339,0.074209,0.34513,0.074041,0.3389,0.074015,18.945
2.3366,0.12485,0.61212,0.090546,0.40918,0.068714,0.30817,0.0632,0.29227,0.061231,0.27464,0.060621,0.27594,0.060325,0.28504,0.060203,0.27594,0.060124,0.27267,0.060123,0.27323,0.060122,0.27341,0.060109,0.27486,0.060099,0.27534,0.060095,0.28237,0.060092,0.28297,0.060101,0.28018,0.060088,0.28268,0.060096,0.28277,0.060099,0.27781,0.060089,0.27615,0.060091,15.376
3.4122,0.19439,0.95007,0.1247,0.57105,0.098424,0.43845,0.08905,0.39727,0.085412,0.379,0.084061,0.38902,0.083596,0.38264,0.083407,0.37368,0.083479,0.37973,0.083489,0.3706,0.083684,0.38067,0.083569,0.37546,0.083593,0.37149,0.083683,0.36896,0.083807,0.37163,0.08379,0.37688,0.083666,0.38266,0.083512,0.38016,0.083472,0.38425,0.083413,0.37957,0.083444,21.349
2.1336,0.10981,0.45239,0.070236,0.32028,0.053306,0.2478,0.048202,0.22053,0.046701,0.20948,0.046205,0.20933,0.046063,0.20244,0.045964,0.2028,0.045921,0.20134,0.045933,0.20285,0.045909,0.20708,0.045888,0.20823,0.045876,0.20718,0.045872,0.20885,0.045867,0.2134,0.045878,0.21525,0.04589,0.20673,0.045874,0.20695,0.045864,0.20905,0.045867,0.20416,0.04587,11.741
2.4615,0.098969,0.43309,0.047278,0.21036,0.029025,0.12969,0.023107,0.10658,0.020877,0.096319,0.02003,0.092915,0.019595,0.087987,0.019384,0.086292,0.019275,0.088839,0.019237,0.08761,0.019207,0.085934,0.019176,0.088328,0.019174,0.09003,0.019184,0.091871,0.019198,0.089473,0.019191,0.090486,0.019194,0.087789,0.019182,0.087396,0.019173,0.086121,0.019164,0.087736,0.019165,4.9061
2.256,0.122,0.49639,0.082738,0.37377,0.067225,0.30291,0.061473,0.27753,0.059515,0.27449,0.058774,0.26855,0.0585,0.26662,0.058391,0.26745,0.058362,0.26987,0.058321,0.2711,0.058309,0.2657,0.05836,0.26635,0.058352,0.25583,0.058417,0.26065,0.058502,0.25701,0.058527,0.26026,0.058527,0.26448,0.058507,0.26635,0.058435,0.2669,0.058396,0.2708,0.058316,14.928
2.5455,0.14934,0.73771,0.10651,0.48925,0.077103,0.34756,0.065986,0.30323,0.060906,0.27084,0.058321,0.26254,0.05727,0.25594,0.056659,0.2563,0.05634,0.24609,0.056344,0.24281,0.056343,0.23524,0.0563,0.23695,0.056281,0.24284,0.05624,0.24515,0.056216,0.24092,0.056209,0.23894,0.056198,0.24736,0.056188,0.2496,0.056175,0.24478,0.056187,0.24535,0.056189,14.378
1.7828,0.094028,0.41108,0.065814,0.29577,0.051382,0.22555,0.046796,0.20635,0.044965,0.19772,0.04413,0.19359,0.043904,0.19221,0.043832,0.19918,0.043788,0.20125,0.043766,0.19502,0.04377,0.19383,0.043789,0.19064,0.043845,0.19368,0.04383,0.19288,0.043834,0.19041,0.04388,0.19136,0.043883,0.19351,0.043851,0.19479,0.043822,0.19738,0.043788,0.19524,0.043788,11.206
2.4508,0.14889,0.76503,0.096975,0.45004,0.074146,0.34143,0.067291,0.30487,0.065286,0.29434,0.064542,0.28959,0.064175,0.29056,0.064117,0.29436,0.064057,0.28422,0.064108,0.28601,0.064109,0.28469,0.064125,0.29283,0.064083,0.29572,0.064213,0.29818,0.064181,0.29387,0.06415,0.29626,0.064291,0.29727,0.064271,0.29454,0.06417,0.2961,0.064297,0.29693,0.064283,16.43
2.1282,0.15168,0.56444,0.095438,0.42722,0.071872,0.31429,0.063716,0.27894,0.060605,0.2758,0.059119,0.26619,0.058507,0.26347,0.058195,0.25553,0.058156,0.2648,0.058075,0.26391,0.058152,0.26506,0.058213,0.26462,0.058156,0.26014,0.058197,0.25658,0.058222,0.25735,0.058231,0.26088,0.058244,0.26259,0.058307,0.25806,0.058288,0.25356,0.058256,0.25217,0.058273,14.912
1.47,0.078026,0.34064,0.053359,0.24053,0.036085,0.16413,0.02973,0.13561,0.027153,0.12561,0.026072,0.12041,0.025582,0.11992,0.025384,0.11881,0.025303,0.11449,0.02523,0.11437,0.025227,0.11561,0.025226,0.11235,0.025276,0.11517,0.02521,0.11444,0.025201,0.11539,0.025214,0.11368,0.025218,0.11593,0.025222,0.11438,0.025221,0.11543,0.025228,0.11318,0.025231,6.4591
2.8642,0.11975,0.55206,0.083909,0.37459,0.069002,0.30708,0.062952,0.29353,0.060006,0.27741,0.058812,0.26674,0.058093,0.26288,0.057864,0.26319,0.057818,0.25716,0.05776,0.2487,0.057839,0.24996,0.05789,0.25794,0.057792,0.25813,0.057747,0.25571,0.057717,0.25584,0.057684,0.25371,0.057705,0.25831,0.057653,0.26114,0.057602,0.25547,0.057688,0.25299,0.057721,14.743
2.2871,0.089945,0.42619,0.056317,0.25582,0.041203,0.19197,0.037744,0.17249,0.036285,0.16349,0.035809,0.16555,0.035676,0.16335,0.035619,0.16193,0.035581,0.16402,0.035566,0.16002,0.035559,0.16288,0.035561,0.1642,0.035558,0.16382,0.035556,0.16383,0.035557,0.16425,0.035557,0.15662,0.03556,0.16072,0.035569,0.15929,0.035563,0.16138,0.035562,0.16019,0.035559,9.1027
2.5729,0.13604,0.72909,0.077479,0.35908,0.042871,0.19073,0.030926,0.13575,0.026032,0.11761,0.023685,0.10395,0.022461,0.097647,0.021866,0.10041,0.021635,0.099837,0.021515,0.09891,0.021457,0.099436,0.021419,0.097658,0.021396,0.09647,0.02138,0.096105,0.021373,0.094977,0.021371,0.094833,0.021374,0.093946,0.021377,0.091281,0.021372,0.093836,0.02138,0.093694,0.021384,5.4706
1.773,0.12365,0.56114,0.079596,0.36231,0.052054,0.24225,0.04175,0.19316,0.03749,0.17112,0.035118,0.16288,0.03402,0.15536,0.033456,0.14883,0.033168,0.1473,0.033116,0.14823,0.033053,0.14777,0.033004,0.14253,0.032774,0.14746,0.032842,0.14552,0.032772,0.14926,0.032759,0.14962,0.032675,0.14862,0.032706,0.15158,0.032643,0.14952,0.032695,0.15545,0.032684,8.3662
2.9566,0.16708,0.711,0.10935,0.49627,0.083559,0.37485,0.072764,0.32849,0.068209,0.30338,0.066166,0.29966,0.065352,0.28358,0.064648,0.28941,0.064309,0.28542,0.064173,0.28939,0.06415,0.2958,0.064049,0.29075,0.064075,0.29213,0.064093,0.29001,0.064089,0.29798,0.064262,0.29169,0.06429,0.29274,0.064257,0.28297,0.064142,0.28672,0.064147,0.29267,0.064045,16.394
2.238,0.10633,0.52115,0.067029,0.30138,0.044905,0.1994,0.037178,0.16615,0.034307,0.15585,0.032941,0.15207,0.032217,0.14326,0.03187,0.14491,0.031596,0.14127,0.031496,0.14306,0.03145,0.14258,0.031408,0.14101,0.031387,0.14228,0.031379,0.14476,0.0314,0.13927,0.031406,0.13832,0.031412,0.14104,0.031417,0.14272,0.031413,0.14238,0.031407,0.13995,0.0314,8.0307
3.4412,0.12529,0.59156,0.059084,0.26915,0.038749,0.17752,0.033194,0.14647,0.030821,0.13881,0.029849,0.12956,0.02939,0.1278,0.029111,0.12764,0.02899,0.12715,0.028905,0.12823,0.02885,0.12865,0.028816,0.12822,0.028802,0.12704,0.028789,0.12729,0.028783,0.12808,0.028782,0.12976,0.028778,0.12671,0.028786,0.12957,0.028783,0.13056,0.028779,0.12796,0.028788,7.366
2.2622,0.11449,0.56405,0.065952,0.29869,0.041243,0.18136,0.033876,0.15092,0.031359,0.14259,0.030152,0.13995,0.029804,0.13814,0.029631,0.13708,0.029558,0.13249,0.029508,0.1356,0.029489,0.13597,0.02949,0.13388,0.029489,0.13309,0.02949,0.13609,0.029496,0.1332,0.029492,0.13356,0.02949,0.13214,0.029485,0.13173,0.029482,0.13282,0.029485,0.13214,0.029485,7.5471
2.0013,0.11026,0.44442,0.056831,0.2565,0.034708,0.1592,0.028018,0.1272,0.025419,0.11423,0.024083,0.10881,0.02357,0.10817,0.023343,0.10586,0.023238,0.10577,0.023155,0.10548,0.023085,0.10413,0.02304,0.10683,0.023012,0.10572,0.022996,0.10632,0.022976,0.10666,0.022964,0.1039,0.02295,0.10159,0.022928,0.10443,0.022928,0.10432,0.022935,0.10605,0.022945,5.8724
2.0897,0.20635,0.8703,0.17911,0.79851,0.17046,0.76678,0.16867,0.74574,0.16835,0.73129,0.16824,0.74535,0.16821,0.74259,0.16824,0.7574,0.16813,0.76061,0.16809,0.7451,0.16817,0.74287,0.1682,0.75946,0.16812,0.76126,0.1681,0.76218,0.16808,0.76104,0.16808,0.75666,0.1681,0.75967,0.16809,0.76927,0.16804,0.75425,0.16812,0.76717,0.16805,43.018
2.6137,0.17698,0.75469,0.13597,0.61548,0.11963,0.54694,0.11397,0.53026,0.11136,0.5159,0.11047,0.5094,0.11015,0.49103,0.11,0.49955,0.1099,0.4943,0.10985,0.49504,0.10985,0.49352,0.10986,0.49922,0.10986,0.49778,0.10986,0.50156,0.10985,0.51401,0.10985,0.50858,0.10985,0.49839,0.10986,0.49684,0.10987,0.48756,0.10996,0.49331,0.11,28.159
2.3873,0.11765,0.48821,0.076109,0.33527,0.052365,0.22838,0.041831,0.19315,0.037386,0.1672,0.034932,0.15739,0.033737,0.15057,0.033126,0.15044,0.032784,0.14832,0.032671,0.1456,0.032435,0.14326,0.032326,0.14783,0.032284,0.14589,0.032276,0.1495,0.032187,0.14864,0.032345,0.14416,0.032337,0.14487,0.032278,0.14445,0.032229,0.14644,0.032232,0.1458,0.032238,8.2406
2.3874,0.15482,0.78428,0.08502,0.3953,0.050739,0.23093,0.038179,0.17708,0.032795,0.14802,0.030631,0.1341,0.029733,0.13058,0.029106,0.12903,0.028789,0.13095,0.028579,0.13049,0.028471,0.12755,0.02845,0.12621,0.028428,0.12776,0.028408,0.12713,0.028409,0.12376,0.028419,0.12279,0.028421,0.12705,0.028413,0.12857,0.02841,0.12592,0.028409,0.12447,0.028405,7.2694
2.6685,0.21159,1.0616,0.15891,0.73649,0.1079,0.47328,0.083176,0.37439,0.070593,0.30925,0.064196,0.28429,0.059988,0.26623,0.057446,0.25655,0.055751,0.24712,0.054705,0.24224,0.054193,0.24212,0.053942,0.23852,0.053714,0.2288,0.053595,0.22322,0.053891,0.22743,0.053619,0.22744,0.053481,0.24126,0.053391,0.24058,0.053438,0.23891,0.053428,0.23371,0.053328,13.649
2.2702,0.136,0.56982,0.096866,0.43222,0.075512,0.33541,0.066404,0.29421,0.061219,0.26611,0.058748,0.26213,0.057666,0.25837,0.057322,0.24577,0.056563,0.24356,0.056066,0.24283,0.055838,0.25022,0.055762,0.25122,0.055731,0.24712,0.055669,0.24838,0.055617,0.24789,0.055631,0.25399,0.055659,0.25339,0.055674,0.25024,0.055678,0.24591,0.055671,0.24198,0.05565,14.246
2.9991,0.1206,0.60718,0.067518,0.30867,0.046471,0.20941,0.038328,0.17743,0.035663,0.16124,0.03436,0.15829,0.033856,0.15585,0.033679,0.15353,0.033535,0.14949,0.03358,0.14891,0.033608,0.15177,0.033547,0.15307,0.03351,0.14953,0.033567,0.15475,0.0335,0.15151,0.033512,0.14924,0.033573,0.1492,0.03358,0.15308,0.033495,0.1534,0.033476,0.15323,0.033485,8.5716
2.35,0.15142,0.67714,0.10824,0.48282,0.087215,0.3902,0.080117,0.35559,0.077088,0.34104,0.076061,0.34075,0.075662,0.33338,0.07554,0.34325,0.075439,0.32927,0.075567,0.34358,0.075426,0.33196,0.075495,0.32568,0.07559,0.33329,0.075494,0.33868,0.075395,0.33497,0.075467,0.33712,0.075434,0.34134,0.075408,0.33912,0.075409,0.33184,0.075526,0.33566,0.075458,19.306
2.3041,0.20553,0.93624,0.17402,0.79107,0.14695,0.66429,0.13862,0.62632,0.13452,0.60098,0.1335,0.6046,0.1332,0.60296,0.1331,0.61657,0.13282,0.61215,0.13281,0.60157,0.13286,0.61576,0.13277,0.62067,0.13272,0.60697,0.13277,0.59282,0.13286,0.60578,0.13282,0.58155,0.13297,0.60438,0.13289,0.60393,0.13284,0.58609,0.13295,0.58901,0.13297,34.01
2.4092,0.11214,0.52932,0.076353,0.34435,0.057537,0.26297,0.05026,0.23013,0.04714,0.21682,0.045992,0.20021,0.045391,0.20695,0.045146,0.19732,0.044865,0.19884,0.04476,0.20183,0.044706,0.20738,0.044666,0.20442,0.044631,0.20145,0.044621,0.20421,0.044624,0.2009,0.04462,0.19766,0.0446,0.19884,0.044607,0.201,0.044608,0.1999,0.044606,0.20553,0.044612,11.417
2.4807,0.17763,0.75846,0.13558,0.61416,0.11436,0.51794,0.10467,0.46845,0.1015,0.44364,0.1005,0.42986,0.09967,0.42987,0.099467,0.43166,0.099389,0.41866,0.099397,0.43854,0.09918,0.4438,0.099061,0.43879,0.099029,0.43048,0.099067,0.41963,0.099165,0.42991,0.099114,0.42243,0.099162,0.42248,0.099138,0.42985,0.09908,0.43216,0.099039,0.43691,0.098995,25.342
3.1488,0.11388,0.48003,0.066673,0.30283,0.052393,0.24501,0.048333,0.21986,0.046565,0.21063,0.045719,0.21109,0.045326,0.21028,0.045061,0.20561,0.044985,0.20056,0.044956,0.19926,0.044921,0.20185,0.044878,0.20603,0.044851,0.20301,0.044857,0.20557,0.044872,0.2048,0.044888,0.20434,0.044895,0.21002,0.044888,0.20009,0.044893,0.19569,0.044906,0.20128,0.044904,11.487
2.5001,0.16312,0.68481,0.10706,0.47386,0.064981,0.29502,0.047948,0.21456,0.039611,0.17636,0.035627,0.15873,0.033188,0.14357,0.03202,0.14042,0.031039,0.13589,0.030461,0.13955,0.030326,0.13392,0.030111,0.13515,0.029979,0.1326,0.02992,0.13694,0.029968,0.13668,0.030034,0.13755,0.03008,0.14059,0.030145,0.13807,0.030134,0.13841,0.03013,0.13264,0.030074,7.6971
1.645,0.11903,0.51629,0.087347,0.38639,0.067709,0.30402,0.057867,0.26515,0.05238,0.23365,0.048986,0.2192,0.04748,0.21565,0.047007,0.20922,0.046751,0.20108,0.046581,0.20226,0.046576,0.20849,0.046654,0.209,0.046695,0.20912,0.046734,0.21015,0.046729,0.2066,0.04671,0.20259,0.046667,0.20647,0.046673,0.20398,0.046665,0.20736,0.04669,0.20136,0.046669,11.947
2.0064,0.091499,0.41508,0.052905,0.24155,0.037802,0.1706,0.032961,0.14743,0.031157,0.13855,0.030265,0.13805,0.029981,0.13456,0.029798,0.13567,0.02978,0.13515,0.029831,0.13309,0.029839,0.13617,0.029845,0.13226,0.029855,0.13461,0.029841,0.13095,0.029843,0.13078,0.029847,0.12649,0.029857,0.13141,0.029858,0.13151,0.029858,0.13042,0.02986,0.13009,0.029854,7.6398
2.3951,0.15134,0.66672,0.111,0.49473,0.089669,0.40562,0.082715,0.35761,0.07939,0.35057,0.078002,0.34347,0.077652,0.35012,0.07744,0.35243,0.077426,0.34518,0.077421,0.35304,0.077361,0.3448,0.077392,0.34867,0.077379,0.33771,0.077458,0.34746,0.077417,0.34758,0.077396,0.35107,0.07736,0.35684,0.077318,0.34565,0.077362,0.34772,0.077373,0.34547,0.077399,19.8
2.2563,0.13396,0.5848,0.10047,0.44504,0.085958,0.37859,0.080846,0.35911,0.078732,0.35175,0.077922,0.34976,0.077763,0.34413,0.077727,0.34923,0.077724,0.35332,0.077713,0.35733,0.077716,0.35486,0.077705,0.35179,0.077706,0.35234,0.077721,0.34624,0.077753,0.3471,0.077761,0.34528,0.077774,0.3521,0.077751,0.34217,0.077789,0.3441,0.077791,0.35535,0.077754,19.904
2.4611,0.13673,0.6972,0.084991,0.39376,0.054603,0.24766,0.041419,0.18443,0.036177,0.16508,0.033437,0.14856,0.03212,0.148,0.031356,0.14356,0.03108,0.14292,0.030821,0.1409,0.030739,0.14023,0.030671,0.14458,0.03071,0.14073,0.03067,0.14162,0.030677,0.14012,0.030647,0.13678,0.03059,0.13732,0.030575,0.14071,0.030601,0.14219,0.030625,0.14397,0.030667,7.8506
2.6104,0.18985,0.77423,0.1174,0.53892,0.078787,0.36794,0.060885,0.27848,0.050382,0.22744,0.044345,0.19529,0.041533,0.18026,0.039423,0.17623,0.038168,0.17465,0.037483,0.17012,0.036967,0.16771,0.036636,0.17194,0.036509,0.16807,0.03635,0.16707,0.036218,0.1598,0.03605,0.16448,0.035963,0.16535,0.035947,0.16545,0.035947,0.16918,0.035973,0.16556,0.035948,9.2024
1.916,0.11138,0.42535,0.062585,0.27288,0.04024,0.18255,0.031788,0.14438,0.028283,0.1284,0.026562,0.11911,0.02568,0.11484,0.025244,0.11235,0.025001,0.11372,0.024851,0.11027,0.024809,0.1133,0.024753,0.10917,0.024761,0.10997,0.024725,0.11016,0.024728,0.11244,0.024708,0.10979,0.024741,0.10823,0.024697,0.10994,0.024693,0.11197,0.024697,0.11231,0.024719,6.3252
1.6316,0.081623,0.34633,0.051541,0.23284,0.034536,0.15689,0.028086,0.12493,0.025527,0.11618,0.024216,0.10686,0.02357,0.10329,0.023169,0.10268,0.022974,0.10278,0.02282,0.10159,0.022732,0.10373,0.022702,0.10244,0.022671,0.10318,0.022666,0.10153,0.022658,0.10299,0.022667,0.099501,0.022658,0.10455,0.022667,0.10642,0.022683,0.10657,0.022686,0.104,0.022678,5.8032
2.0478,0.14594,0.57136,0.099373,0.43082,0.077896,0.32657,0.069444,0.30727,0.065206,0.29045,0.063464,0.2906,0.062418,0.28675,0.061943,0.28265,0.061789,0.2819,0.061703,0.27755,0.061639,0.2732,0.061615,0.27363,0.061616,0.27876,0.061606,0.27989,0.061612,0.27767,0.061615,0.29335,0.062272,0.28741,0.061925,0.27579,0.061737,0.27661,0.061647,0.2812,0.061604,15.768
1.8175,0.11183,0.4277,0.073054,0.3223,0.050754,0.23486,0.042823,0.18999,0.039688,0.18016,0.038532,0.17138,0.03784,0.16984,0.037464,0.16968,0.037158,0.16288,0.037021,0.16444,0.03696,0.16483,0.036936,0.15941,0.036945,0.16222,0.036955,0.16471,0.036943,0.16085,0.036947,0.16115,0.036958,0.16389,0.036958,0.16671,0.036958,0.16485,0.036961,0.16823,0.036965,9.4597
2.4349,0.20932,0.89487,0.15769,0.69896,0.12271,0.53761,0.10705,0.47368,0.10063,0.45408,0.097188,0.4427,0.09565,0.43148,0.095058,0.41852,0.094654,0.42505,0.09444,0.41506,0.094282,0.41169,0.094146,0.40075,0.094062,0.41168,0.09403,0.40195,0.09401,0.41288,0.094003,0.41722,0.093971,0.41662,0.093957,0.41292,0.093944,0.41785,0.093925,0.41565,0.093915,24.038
2.7188,0.1635,0.64612,0.099645,0.43991,0.069306,0.31482,0.058039,0.27053,0.05321,0.24638,0.050656,0.22702,0.049383,0.22461,0.048602,0.22194,0.048125,0.22009,0.047857,0.22933,0.047766,0.21922,0.047608,0.22094,0.047713,0.21987,0.047529,0.22086,0.047654,0.2147,0.047472,0.21496,0.04752,0.21553,0.047444,0.21915,0.047415,0.21801,0.047395,0.22101,0.047563,12.161
2.3482,0.12866,0.54608,0.07843,0.35495,0.048329,0.22188,0.036487,0.17126,0.030192,0.13872,0.027445,0.12626,0.025798,0.1209,0.024835,0.11483,0.024358,0.11086,0.024038,0.10699,0.023911,0.10738,0.023817,0.10531,0.023693,0.10452,0.023635,0.10695,0.023628,0.10773,0.0236,0.10712,0.023582,0.10497,0.0236,0.10648,0.023578,0.10933,0.02357,0.10918,0.023582,6.0305
2.8795,0.19233,0.84351,0.131,0.59037,0.10082,0.45982,0.087787,0.39226,0.082017,0.37085,0.080015,0.35656,0.079079,0.34864,0.078554,0.34712,0.078419,0.35788,0.078252,0.35612,0.078015,0.35845,0.077974,0.34591,0.077916,0.33655,0.07782,0.34512,0.077734,0.34521,0.077679,0.34379,0.077683,0.34682,0.077666,0.346,0.077654,0.33653,0.077656,0.34253,0.077617,19.869
1.777,0.15414,0.65252,0.12283,0.55795,0.095849,0.42983,0.083398,0.38007,0.077873,0.3511,0.074468,0.33143,0.07307,0.33992,0.072139,0.33076,0.071851,0.31694,0.071198,0.32126,0.071026,0.31525,0.07071,0.31793,0.070561,0.32333,0.070501,0.31584,0.070347,0.31734,0.070329,0.32084,0.07032,0.31762,0.070261,0.30761,0.070221,0.31239,0.070182,0.3121,0.070177,17.961
2.9876,0.17949,0.83295,0.11771,0.52819,0.08754,0.40314,0.077175,0.34233,0.071206,0.32067,0.068579,0.31602,0.06737,0.30057,0.066478,0.30698,0.065944,0.30394,0.065596,0.29351,0.065857,0.28569,0.066082,0.28957,0.066195,0.29529,0.066222,0.28846,0.066578,0.29343,0.066576,0.29265,0.066639,0.28978,0.066772,0.30024,0.066259,0.29841,0.065931,0.29862,0.065723,16.819
2.2615,0.1382,0.61602,0.093612,0.42183,0.065047,0.29708,0.053028,0.24949,0.046606,0.22078,0.043182,0.20559,0.041731,0.19905,0.041095,0.19301,0.040713,0.19625,0.040568,0.19162,0.040454,0.18709,0.040461,0.18683,0.040459,0.19143,0.040412,0.18662,0.040425,0.19031,0.040375,0.18565,0.040452,0.18948,0.040413,0.19196,0.040381,0.18772,0.040414,0.19001,0.04041,10.345
1.2096,0.13058,0.47964,0.11318,0.50427,0.084418,0.37766,0.072929,0.335,0.067577,0.31308,0.06451,0.29467,0.062621,0.29008,0.061723,0.28326,0.061298,0.28103,0.061078,0.27341,0.06089,0.27661,0.060754,0.28013,0.060699,0.28121,0.060682,0.2901,0.060691,0.2839,0.060648,0.27346,0.060636,0.28293,0.060612,0.28017,0.060599,0.27841,0.060607,0.27903,0.060605,15.515
2.0187,0.15233,0.70327,0.11016,0.49547,0.07655,0.33908,0.062647,0.27953,0.056371,0.24654,0.052614,0.23027,0.050508,0.21929,0.049487,0.21,0.049105,0.20868,0.048919,0.20993,0.048689,0.20715,0.048518,0.20442,0.048458,0.20693,0.048412,0.20737,0.048308,0.20677,0.048338,0.21168,0.048314,0.21062,0.048309,0.20933,0.048293,0.20608,0.048303,0.21257,0.048261,12.35
2.2222,0.12731,0.55426,0.078052,0.34577,0.050332,0.22236,0.039517,0.18465,0.033911,0.15784,0.031143,0.14385,0.029573,0.14226,0.028653,0.13318,0.028162,0.1311,0.027838,0.13142,0.027678,0.13256,0.027601,0.1301,0.02753,0.13009,0.027484,0.12487,0.027427,0.12096,0.027388,0.12202,0.02737,0.12211,0.027363,0.12673,0.027386,0.12858,0.027409,0.12911,0.027421,7.0195
2.8209,0.14939,0.64222,0.09334,0.41013,0.066771,0.30053,0.057523,0.25485,0.052512,0.2432,0.050154,0.23612,0.04927,0.23565,0.04893,0.23093,0.048815,0.21937,0.048773,0.21463,0.048747,0.21696,0.048698,0.22334,0.048721,0.22393,0.048753,0.21286,0.048691,0.22138,0.048782,0.21909,0.04871,0.22297,0.048779,0.22491,0.048755,0.22214,0.048815,0.21827,0.048732,12.464
1.8009,0.090184,0.45171,0.057039,0.26565,0.033307,0.15489,0.02528,0.11553,0.022148,0.099459,0.020764,0.09106,0.020014,0.088971,0.019588,0.084705,0.019311,0.083813,0.019162,0.083495,0.019066,0.082101,0.019022,0.08449,0.018962,0.083661,0.01895,0.084776,0.018938,0.085137,0.018929,0.083824,0.018925,0.081229,0.018925,0.079035,0.018928,0.081669,0.01892,0.083054,0.01892,4.8392
2.2106,0.17441,0.71325,0.12919,0.58446,0.096854,0.43312,0.081446,0.3779,0.072815,0.32737,0.068439,0.30318,0.065452,0.29321,0.063136,0.29407,0.061896,0.29398,0.061178,0.28228,0.06066,0.27639,0.060281,0.27803,0.060127,0.2895,0.060047,0.28542,0.059908,0.28542,0.05988,0.28899,0.059878,0.28313,0.059906,0.28069,0.059926,0.27946,0.059913,0.2823,0.05992,15.33
2.3597,0.15882,0.7947,0.11795,0.54238,0.08744,0.38728,0.073447,0.32656,0.068207,0.29922,0.066014,0.28812,0.064668,0.28629,0.063858,0.2843,0.063573,0.2858,0.063467,0.28028,0.063432,0.27485,0.063318,0.2769,0.063338,0.27702,0.063316,0.27976,0.063351,0.279,0.063347,0.27906,0.063335,0.27916,0.06334,0.27552,0.063296,0.27599,0.063289,0.27309,0.063254,16.189
2.5501,0.16731,0.7399,0.11809,0.53648,0.093185,0.41515,0.081154,0.36957,0.075141,0.33501,0.072064,0.31877,0.070192,0.31253,0.069003,0.30642,0.068304,0.28988,0.067854,0.28433,0.067501,0.28781,0.067453,0.29486,0.067273,0.29648,0.067522,0.30449,0.067581,0.30047,0.067646,0.29283,0.067358,0.30017,0.067499,0.30696,0.067547,0.31197,0.06753,0.29672,0.067656,17.311
2.3051,0.15089,0.636,0.094219,0.43096,0.067138,0.30123,0.057691,0.261,0.052692,0.2351,0.049937,0.22064,0.048731,0.21597,0.048374,0.20566,0.048227,0.20926,0.048151,0.21338,0.048108,0.21121,0.048108,0.20482,0.048082,0.20598,0.048041,0.2143,0.048006,0.20989,0.048022,0.20752,0.048024,0.21181,0.048007,0.20556,0.04803,0.20516,0.048019,0.20497,0.048018,12.285
2.2157,0.14195,0.56914,0.10258,0.45777,0.08701,0.39273,0.082113,0.36418,0.080885,0.36703,0.08089,0.36758,0.080826,0.36144,0.080437,0.36139,0.08026,0.36498,0.080214,0.36177,0.080203,0.35892,0.080198,0.36078,0.080188,0.36368,0.08018,0.36504,0.080178,0.36047,0.080186,0.36575,0.080184,0.3614,0.080185,0.36547,0.080183,0.36582,0.080183,0.35936,0.080192,20.495
3.0721,0.1175,0.46071,0.048532,0.21433,0.028337,0.12798,0.021557,0.099329,0.018609,0.086583,0.017184,0.080162,0.016407,0.072965,0.015914,0.073433,0.01579,0.074629,0.015671,0.075366,0.015617,0.075108,0.015594,0.074221,0.015596,0.072616,0.015503,0.071947,0.015446,0.072771,0.015426,0.071269,0.015414,0.072017,0.015424,0.072766,0.015431,0.07211,0.01543,0.07058,0.015419,3.9457
2.7396,0.10109,0.46506,0.074402,0.33914,0.061521,0.27955,0.057443,0.26373,0.05595,0.2538,0.055244,0.25004,0.055016,0.25647,0.055058,0.25193,0.055037,0.24619,0.054975,0.25019,0.054926,0.25105,0.054923,0.2488,0.05494,0.25162,0.054947,0.24777,0.054948,0.25324,0.054942,0.25208,0.054952,0.25249,0.054954,0.24551,0.05496,0.2462,0.05495,0.24575,0.054946,14.046
2.1472,0.082946,0.35313,0.045816,0.20572,0.033217,0.14736,0.028944,0.13392,0.027572,0.12543,0.027083,0.12277,0.026866,0.12187,0.026792,0.11943,0.026749,0.11475,0.026735,0.11632,0.026742,0.11698,0.026742,0.11523,0.026737,0.1196,0.026743,0.11906,0.02674,0.11843,0.026735,0.11945,0.026736,0.11977,0.026735,0.11572,0.026731,0.11908,0.026736,0.11828,0.026735,6.844
2.0072,0.042842,0.1778,0.01708,0.076505,0.0087919,0.038546,0.0065505,0.028876,0.0057895,0.026208,0.0054864,0.023868,0.0053608,0.024797,0.0053293,0.024249,0.0053044,0.024008,0.0052979,0.023905,0.0052896,0.023789,0.0052889,0.024562,0.0053026,0.023427,0.0052874,0.023902,0.005287,0.024578,0.0052999,0.023216,0.0052851,0.023327,0.0052783,0.023451,0.0052746,0.023431,0.005274,0.025456,0.0052915,1.3514
2.8572,0.22587,1.077,0.18324,0.82583,0.1647,0.72445,0.16183,0.7216,0.16058,0.71788,0.16045,0.69633,0.16046,0.69379,0.16048,0.71234,0.16044,0.71476,0.16043,0.70399,0.16045,0.69726,0.16048,0.71521,0.16043,0.70654,0.16045,0.69983,0.16047,0.70033,0.16047,0.70397,0.16046,0.70098,0.16047,0.70877,0.16045,0.70567,0.16046,0.70101,0.16047,41.026
1.8857,0.096145,0.43055,0.07273,0.332,0.061927,0.27356,0.058486,0.26409,0.057868,0.26149,0.057748,0.26189,0.057732,0.261,0.057779,0.26239,0.057766,0.26116,0.057784,0.26339,0.057757,0.26385,0.057744,0.25562,0.057723,0.25322,0.057667,0.26152,0.057796,0.26484,0.057769,0.25828,0.057831,0.25801,0.057848,0.25762,0.057841,0.2579,0.057846,0.25193,0.05774,14.77
1.8913,0.092422,0.40123,0.070795,0.31294,0.062606,0.28044,0.06043,0.26928,0.059918,0.26792,0.059767,0.26439,0.059762,0.25912,0.059778,0.26104,0.059853,0.26586,0.059752,0.26687,0.059682,0.26537,0.059724,0.26422,0.05975,0.26623,0.059713,0.26275,0.059783,0.26698,0.059714,0.2633,0.059767,0.27064,0.059682,0.26389,0.059748,0.26612,0.059724,0.26461,0.059731,15.276
2.6365,0.058858,0.29395,0.031272,0.14587,0.019926,0.09073,0.016903,0.075977,0.015943,0.073211,0.015629,0.070058,0.015481,0.069875,0.015433,0.070119,0.015411,0.070013,0.015396,0.07063,0.015386,0.068009,0.015386,0.069661,0.015381,0.070766,0.015377,0.070724,0.015376,0.068024,0.01538,0.070633,0.015379,0.068714,0.01538,0.071284,0.015378,0.069548,0.015377,0.071144,0.015377,3.9347
2.1309,0.075544,0.38201,0.04908,0.22297,0.031851,0.14126,0.026646,0.1202,0.024791,0.11122,0.024037,0.10826,0.023778,0.10572,0.02363,0.10412,0.023569,0.10724,0.023569,0.10388,0.023581,0.10263,0.023575,0.10393,0.023575,0.10538,0.023569,0.10802,0.02358,0.10316,0.023577,0.10274,0.023571,0.10281,0.023566,0.10375,0.023566,0.10873,0.023579,0.1072,0.023584,6.0348
2.4899,0.17329,0.69712,0.13861,0.6191,0.12682,0.56325,0.12475,0.56084,0.12412,0.5517,0.12397,0.54265,0.12342,0.54768,0.12317,0.55119,0.12343,0.55147,0.12362,0.53973,0.1232,0.54561,0.1231,0.54414,0.12307,0.532,0.12296,0.54256,0.12299,0.5462,0.12302,0.54078,0.12301,0.5429,0.12302,0.55232,0.12338,0.55445,0.12361,0.53819,0.12321,31.473
2.723,0.080771,0.36802,0.043966,0.19445,0.031985,0.1449,0.028377,0.12656,0.026981,0.11792,0.026432,0.11635,0.026222,0.11486,0.026134,0.11772,0.026073,0.11576,0.026068,0.11512,0.026067,0.11422,0.026074,0.11529,0.026075,0.11568,0.026075,0.11631,0.026073,0.11713,0.02607,0.11452,0.02608,0.11534,0.026077,0.11523,0.026076,0.11607,0.026073,0.1136,0.026084,6.6768
2.1733,0.14021,0.67382,0.11053,0.49574,0.093797,0.41501,0.088823,0.39476,0.087167,0.37938,0.086923,0.38608,0.0867,0.39703,0.08652,0.39044,0.086478,0.37867,0.086637,0.38022,0.086675,0.38389,0.086634,0.38664,0.086584,0.37726,0.086694,0.38829,0.086584,0.37892,0.086662,0.38903,0.086567,0.39281,0.086481,0.38702,0.08651,0.38877,0.086506,0.38459,0.086552,22.151
2.5785,0.1332,0.56664,0.091377,0.40616,0.075341,0.32842,0.070148,0.31173,0.068388,0.3054,0.067695,0.30677,0.067544,0.29905,0.067642,0.30517,0.067565,0.29895,0.067662,0.29801,0.067724,0.29993,0.067693,0.30648,0.067553,0.30134,0.067589,0.2994,0.067658,0.30378,0.06759,0.3053,0.06753,0.30961,0.067461,0.30771,0.067451,0.29955,0.067597,0.29601,0.067757,17.306
2.2861,0.09226,0.41236,0.061469,0.27186,0.048535,0.2142,0.044606,0.20139,0.043113,0.19588,0.042582,0.19458,0.042428,0.18934,0.042405,0.19188,0.042407,0.19163,0.042401,0.19189,0.042398,0.19951,0.0424,0.19855,0.042385,0.19752,0.042387,0.19349,0.042386,0.19366,0.04239,0.19254,0.042392,0.19538,0.042386,0.19119,0.042397,0.19177,0.042405,0.19338,0.042396,10.852
2.1559,0.092927,0.35824,0.055242,0.24533,0.042332,0.18823,0.039081,0.17592,0.038129,0.16668,0.037803,0.17033,0.037641,0.16804,0.037571,0.16244,0.037564,0.16404,0.03756,0.16422,0.037567,0.16934,0.037572,0.16452,0.037577,0.16609,0.037575,0.16366,0.037574,0.16512,0.03757,0.16419,0.03757,0.16572,0.03757,0.16907,0.037572,0.1713,0.03758,0.16614,0.037582,9.6208
3.0764,0.17533,0.90366,0.11885,0.54906,0.087948,0.40399,0.078043,0.36379,0.074178,0.34382,0.072859,0.32925,0.072312,0.33199,0.072251,0.3388,0.072121,0.33866,0.072065,0.34016,0.07204,0.34138,0.072037,0.32884,0.072242,0.32966,0.072266,0.33309,0.072215,0.34229,0.072048,0.32755,0.072182,0.32522,0.072251,0.31795,0.072239,0.32452,0.072232,0.3391,0.072094,18.444
2.2858,0.16473,0.72264,0.13249,0.58053,0.11788,0.51935,0.10975,0.47741,0.10809,0.46561,0.10819,0.4678,0.10824,0.47215,0.10812,0.46862,0.10831,0.46482,0.10855,0.46701,0.1085,0.46377,0.10867,0.47344,0.1082,0.4698,0.10829,0.46213,0.1087,0.46615,0.10859,0.46739,0.1085,0.46805,0.10843,0.47448,0.1081,0.46812,0.10836,0.47853,0.10791,27.571
2.4019,0.17368,0.78724,0.14152,0.63224,0.12883,0.58295,0.12608,0.56192,0.12544,0.56487,0.12523,0.5679,0.12516,0.54947,0.12471,0.55415,0.12517,0.56027,0.12518,0.55626,0.12515,0.5659,0.12516,0.5764,0.12517,0.57132,0.12515,0.56952,0.12515,0.57275,0.12515,0.56838,0.12515,0.56541,0.12515,0.55346,0.12515,0.54303,0.12473,0.56261,0.12518,32.033
2.4281,0.10482,0.46059,0.074086,0.32329,0.05937,0.26483,0.054123,0.23754,0.05181,0.22952,0.050705,0.22325,0.050409,0.2197,0.050177,0.22523,0.05014,0.22399,0.050122,0.22349,0.05015,0.2237,0.050153,0.22831,0.050076,0.2212,0.050183,0.22241,0.050183,0.22023,0.050087,0.22939,0.050076,0.22343,0.050096,0.2218,0.050189,0.21917,0.050094,0.22463,0.050123,12.817
3.2107,0.11682,0.50785,0.075108,0.33592,0.060182,0.27879,0.054979,0.24656,0.052791,0.23885,0.05159,0.2418,0.050969,0.23017,0.050653,0.22701,0.050606,0.22234,0.050786,0.22499,0.050622,0.22686,0.050566,0.22484,0.050611,0.22735,0.050579,0.23166,0.050554,0.22972,0.05053,0.23168,0.05053,0.22268,0.050769,0.22529,0.050622,0.22473,0.05059,0.23049,0.050598,12.95
2.0473,0.11067,0.44832,0.072929,0.32836,0.049086,0.22072,0.04084,0.18439,0.036938,0.16921,0.034981,0.16362,0.034164,0.16314,0.033814,0.15356,0.033685,0.1518,0.033625,0.15508,0.033612,0.15442,0.033599,0.15164,0.033592,0.15567,0.033615,0.15665,0.033633,0.14861,0.033655,0.15398,0.033609,0.15256,0.033578,0.15518,0.033572,0.15038,0.03356,0.15103,0.033573,8.5934
2.5258,0.17179,0.6733,0.10975,0.47792,0.080323,0.35341,0.069492,0.29802,0.064464,0.28163,0.061592,0.27956,0.060006,0.27604,0.059303,0.26519,0.058925,0.26718,0.058694,0.26818,0.058549,0.26784,0.058439,0.27541,0.058341,0.27297,0.058319,0.27036,0.058298,0.26436,0.05836,0.26142,0.058463,0.26385,0.058494,0.26802,0.058458,0.26967,0.058419,0.26569,0.058437,14.955
2.6663,0.17419,0.78579,0.11446,0.49692,0.091948,0.40786,0.082306,0.37415,0.078032,0.35166,0.076102,0.33957,0.075394,0.33805,0.075167,0.33437,0.075168,0.33274,0.075199,0.34002,0.075118,0.33813,0.075061,0.33039,0.07528,0.33415,0.07522,0.3324,0.075101,0.33638,0.075001,0.33777,0.074941,0.33054,0.07521,0.34076,0.075131,0.33923,0.074983,0.33623,0.074939,19.178
2.0244,0.1353,0.58874,0.096573,0.44261,0.069111,0.30876,0.057684,0.26278,0.052102,0.24729,0.049151,0.2346,0.047923,0.22552,0.047666,0.22212,0.0477,0.22054,0.047704,0.22288,0.047658,0.21801,0.04773,0.216,0.047729,0.22425,0.047532,0.22514,0.047505,0.22808,0.047536,0.21996,0.047646,0.22847,0.047574,0.22447,0.047569,0.22264,0.047589,0.22381,0.047565,12.137
2.101,0.12604,0.58214,0.09399,0.43209,0.07773,0.35362,0.072771,0.3273,0.07112,0.31769,0.070866,0.30869,0.070597,0.31598,0.070604,0.31972,0.070637,0.30961,0.070653,0.31446,0.070656,0.31388,0.070642,0.32268,0.070642,0.32774,0.070654,0.31874,0.070626,0.3182,0.070633,0.31686,0.070622,0.32258,0.070628,0.3148,0.070625,0.31525,0.070636,0.31512,0.070631,18.08
2.1028,0.10036,0.43158,0.064401,0.28904,0.047619,0.2154,0.040446,0.18421,0.037304,0.17149,0.035582,0.16189,0.03479,0.15953,0.034405,0.15924,0.03423,0.15655,0.034173,0.15386,0.034091,0.15208,0.034039,0.15101,0.034015,0.15416,0.033999,0.15469,0.033997,0.15694,0.033996,0.1541,0.033991,0.15148,0.033988,0.14972,0.03401,0.15441,0.033982,0.15183,0.033987,8.6979
2.5519,0.17906,0.72022,0.13476,0.59472,0.10925,0.47902,0.099927,0.44559,0.095377,0.4171,0.093468,0.4189,0.092662,0.40791,0.092351,0.41115,0.092254,0.41627,0.092114,0.39495,0.092073,0.39383,0.09205,0.39756,0.092069,0.40304,0.092075,0.40784,0.092062,0.41431,0.092052,0.42619,0.092077,0.40218,0.092087,0.41631,0.092066,0.4103,0.092087,0.41691,0.09207,23.568
2.1851,0.12813,0.63174,0.084148,0.37573,0.053034,0.23584,0.043073,0.19039,0.039636,0.17643,0.037973,0.16867,0.037082,0.16773,0.036802,0.15976,0.03665,0.16166,0.036531,0.16062,0.036471,0.16301,0.036434,0.16264,0.03641,0.16476,0.036403,0.16586,0.036394,0.16281,0.036386,0.16204,0.036383,0.16342,0.036379,0.16427,0.036382,0.15874,0.036382,0.15756,0.036387,9.3147
3.1342,0.14052,0.54728,0.058994,0.26435,0.035221,0.15861,0.027652,0.12916,0.024196,0.11223,0.022422,0.10442,0.021507,0.10065,0.021004,0.097979,0.02074,0.097144,0.020549,0.096316,0.020458,0.096973,0.020437,0.099085,0.020462,0.096393,0.020459,0.095854,0.020445,0.097246,0.020453,0.097801,0.020465,0.097599,0.020469,0.096478,0.02047,0.097321,0.020475,0.096214,0.020472,5.2349
1.1717,0.12599,0.48552,0.12059,0.54616,0.10837,0.4842,0.10512,0.47631,0.1049,0.47393,0.10506,0.47421,0.10512,0.47957,0.10478,0.46651,0.1056,0.4694,0.10556,0.48149,0.10476,0.47734,0.10485,0.46646,0.10561,0.48076,0.10482,0.47191,0.10523,0.47603,0.10503,0.47377,0.10514,0.4732,0.1052,0.47067,0.10539,0.47972,0.10483,0.4667,0.10561,26.871
2.294,0.082602,0.34879,0.057255,0.25829,0.048048,0.21683,0.046299,0.20662,0.045882,0.2023,0.045752,0.20191,0.045709,0.20062,0.0457,0.20333,0.045695,0.2081,0.045686,0.20451,0.045688,0.20678,0.045686,0.20173,0.045691,0.20502,0.045688,0.20434,0.045684,0.20556,0.045683,0.20668,0.045682,0.20641,0.045683,0.20668,0.045683,0.20527,0.045685,0.20433,0.045686,11.69
2.4186,0.18391,0.82667,0.13913,0.63273,0.10277,0.46775,0.083759,0.3769,0.075376,0.33766,0.071315,0.31683,0.068533,0.30256,0.067049,0.30862,0.065949,0.30065,0.065424,0.29974,0.065325,0.30382,0.065207,0.30309,0.065185,0.30284,0.065145,0.3031,0.065135,0.28525,0.064805,0.2921,0.064464,0.28812,0.064402,0.28332,0.064345,0.28189,0.064286,0.28204,0.06424,16.442
3.0893,0.12661,0.57472,0.091973,0.41223,0.073609,0.33879,0.066058,0.29441,0.063287,0.27534,0.061702,0.27313,0.061074,0.26355,0.06075,0.26563,0.060521,0.26785,0.06037,0.27032,0.060332,0.27544,0.060317,0.27853,0.060329,0.26862,0.060308,0.26309,0.060332,0.26513,0.0603,0.26105,0.060383,0.259,0.060394,0.26426,0.060363,0.26767,0.060314,0.26776,0.060223,15.409
2.4711,0.12798,0.5669,0.097429,0.43937,0.086452,0.39638,0.084103,0.38542,0.083672,0.38317,0.08368,0.37908,0.08368,0.37747,0.083704,0.37632,0.083725,0.38282,0.083632,0.37666,0.083709,0.37968,0.083674,0.38998,0.083589,0.38869,0.083583,0.3857,0.08359,0.38013,0.083643,0.38137,0.083636,0.38753,0.083591,0.38705,0.083588,0.38536,0.083592,0.38331,0.083602,21.322
2.2296,0.14619,0.59345,0.10682,0.47571,0.090424,0.41644,0.083688,0.3795,0.08048,0.36521,0.078861,0.34942,0.078159,0.34967,0.077861,0.33893,0.077594,0.34638,0.077423,0.3384,0.077362,0.33926,0.077343,0.33825,0.077307,0.33835,0.077303,0.33849,0.077286,0.33644,0.077304,0.34037,0.077276,0.34237,0.077258,0.34096,0.077263,0.33467,0.077315,0.33201,0.077557,19.805
3.1304,0.12114,0.55109,0.050246,0.2193,0.0265,0.11761,0.018716,0.08196,0.015322,0.066943,0.013732,0.060806,0.013021,0.058348,0.01274,0.05657,0.012537,0.05612,0.012448,0.055682,0.012398,0.055846,0.012367,0.055499,0.012352,0.056924,0.012344,0.055985,0.012343,0.055994,0.01234,0.055737,0.012343,0.055977,0.012345,0.056966,0.012345,0.055983,0.012345,0.055354,0.012346,3.1605
3.3706,0.12725,0.53314,0.05896,0.25957,0.036846,0.16441,0.02956,0.13021,0.026439,0.11839,0.025143,0.11046,0.024568,0.1072,0.024205,0.10755,0.02399,0.10659,0.023882,0.106,0.023817,0.10551,0.023783,0.1022,0.023768,0.10371,0.023767,0.10215,0.023767,0.10188,0.023765,0.10287,0.023763,0.099974,0.023769,0.10411,0.023765,0.10467,0.023761,0.1074,0.023756,6.0789
2.2368,0.17215,0.79863,0.14126,0.64903,0.12479,0.567,0.12093,0.54011,0.11941,0.53453,0.11888,0.52338,0.11885,0.52096,0.11887,0.51947,0.11888,0.53927,0.11889,0.53956,0.11888,0.53096,0.11887,0.52262,0.11887,0.54104,0.11889,0.52788,0.11886,0.52819,0.11888,0.53577,0.11888,0.53481,0.11888,0.53079,0.11887,0.53548,0.11888,0.53666,0.11888,30.421
2.0153,0.14027,0.59209,0.10026,0.45577,0.081163,0.36863,0.074281,0.33214,0.071312,0.31647,0.069699,0.31379,0.068498,0.3018,0.067819,0.30014,0.067531,0.30414,0.06734,0.31049,0.067327,0.31889,0.06747,0.30909,0.06742,0.30715,0.067356,0.30652,0.067348,0.30335,0.067319,0.30738,0.067318,0.30718,0.06733,0.30666,0.067326,0.30949,0.067361,0.3087,0.067376,17.242
2.2708,0.15392,0.58211,0.081037,0.35644,0.047573,0.21242,0.036214,0.16185,0.031342,0.14244,0.02882,0.13256,0.027526,0.12845,0.026784,0.1228,0.026452,0.11902,0.026311,0.11917,0.026214,0.11729,0.026163,0.11771,0.026124,0.11683,0.026118,0.11593,0.026095,0.11324,0.026106,0.11295,0.026121,0.11567,0.026128,0.11713,0.026122,0.11183,0.026237,0.11416,0.026184,6.6882
1.6591,0.12638,0.49883,0.09264,0.42035,0.0716,0.32649,0.06356,0.29562,0.060178,0.27687,0.058555,0.26996,0.057822,0.26022,0.05737,0.25423,0.056977,0.26812,0.056942,0.26301,0.056951,0.26388,0.057033,0.25832,0.056827,0.25422,0.056726,0.26478,0.056872,0.26166,0.056973,0.25731,0.056826,0.25717,0.056739,0.2546,0.056716,0.25815,0.056933,0.25962,0.057031,14.592
2.3287,0.17842,0.78393,0.13897,0.59032,0.12333,0.53148,0.10774,0.47098,0.10237,0.44819,0.095853,0.42327,0.092262,0.41756,0.090931,0.4126,0.090181,0.40395,0.090206,0.40172,0.090059,0.4024,0.089986,0.39158,0.089788,0.40194,0.089828,0.4028,0.089836,0.41137,0.089962,0.41592,0.089992,0.40963,0.08997,0.4093,0.089969,0.41066,0.090006,0.41234,0.09001,23
3.0821,0.1752,0.82566,0.10588,0.48291,0.07423,0.32587,0.060643,0.26601,0.052689,0.22793,0.047845,0.21379,0.045175,0.20058,0.04373,0.19586,0.042578,0.19124,0.041948,0.18022,0.041719,0.18416,0.041513,0.18128,0.041372,0.18378,0.04135,0.17892,0.041299,0.17925,0.041232,0.17673,0.041242,0.1775,0.041257,0.18262,0.041245,0.1834,0.041249,0.18591,0.04125,10.553
2.679,0.13916,0.69463,0.092836,0.42403,0.070543,0.32818,0.062078,0.28447,0.058863,0.28153,0.057459,0.2638,0.056783,0.26234,0.056485,0.25725,0.05638,0.25987,0.056416,0.25768,0.056517,0.2639,0.056507,0.25729,0.056618,0.26048,0.056581,0.24969,0.056639,0.25068,0.05668,0.25154,0.056684,0.26097,0.056621,0.26033,0.05666,0.25471,0.056594,0.25588,0.056553,14.448
2.0244,0.12799,0.58919,0.096318,0.43726,0.078757,0.34812,0.07293,0.31756,0.070708,0.31021,0.069841,0.30658,0.069594,0.30686,0.069403,0.30666,0.069353,0.30245,0.06942,0.30072,0.06949,0.30395,0.069422,0.31105,0.069266,0.30953,0.069227,0.30107,0.069402,0.29774,0.06958,0.29852,0.069631,0.30428,0.069482,0.30392,0.069434,0.3088,0.069315,0.3123,0.069202,17.713
2.3103,0.13805,0.62165,0.099521,0.44805,0.081898,0.37731,0.075532,0.34262,0.072978,0.32514,0.071434,0.32694,0.070489,0.31973,0.070048,0.32457,0.06995,0.31994,0.069877,0.32119,0.069868,0.31071,0.069695,0.30426,0.069669,0.31565,0.069697,0.31145,0.069642,0.30603,0.069607,0.31193,0.069616,0.31656,0.069717,0.31447,0.0697,0.30675,0.069646,0.31423,0.069699,17.841
2.305,0.12947,0.5746,0.080292,0.36572,0.050991,0.22601,0.037224,0.16476,0.029839,0.13521,0.026117,0.11703,0.024113,0.10657,0.02281,0.10239,0.02197,0.097338,0.021368,0.094254,0.020903,0.093181,0.020668,0.088739,0.020493,0.08679,0.02032,0.089464,0.020245,0.089265,0.020171,0.091742,0.020156,0.091251,0.020154,0.090429,0.02014,0.09179,0.020149,0.094037,0.020161,5.1562
1.7584,0.15044,0.67473,0.12259,0.55552,0.094855,0.42815,0.081776,0.3645,0.076333,0.34026,0.073015,0.33095,0.071011,0.32274,0.070285,0.3171,0.06988,0.32088,0.06976,0.31408,0.069786,0.31421,0.069753,0.31507,0.069771,0.31273,0.0698,0.30953,0.069787,0.30914,0.069771,0.31781,0.069764,0.3254,0.069797,0.3222,0.069813,0.31484,0.069798,0.3229,0.06981,17.869
2.0809,0.20509,0.97017,0.17138,0.78875,0.13262,0.59798,0.1158,0.51369,0.10463,0.45304,0.098174,0.42435,0.093622,0.4204,0.091089,0.42114,0.089785,0.41802,0.088818,0.40993,0.088363,0.40349,0.087996,0.40462,0.087886,0.41256,0.087814,0.40509,0.087791,0.40237,0.087826,0.39373,0.08785,0.39201,0.087863,0.39992,0.087882,0.38076,0.087853,0.36881,0.088051,22.498
2.7624,0.13566,0.65982,0.079806,0.36209,0.055628,0.25023,0.046751,0.21136,0.042918,0.19308,0.040994,0.18492,0.040045,0.18118,0.039396,0.17947,0.03896,0.17706,0.038764,0.1712,0.038695,0.168,0.038608,0.16673,0.038588,0.17315,0.038564,0.16919,0.038544,0.1704,0.038527,0.17158,0.038527,0.17676,0.038538,0.17163,0.038538,0.1753,0.03854,0.17232,0.038542,9.8635
2.2055,0.19597,0.76273,0.14761,0.66388,0.12378,0.56983,0.11438,0.52932,0.10601,0.4833,0.10258,0.46979,0.10185,0.46639,0.10183,0.46262,0.10212,0.4648,0.10223,0.45174,0.10072,0.45027,0.099933,0.44922,0.099349,0.43895,0.098997,0.44179,0.098821,0.4396,0.098635,0.44962,0.098585,0.43389,0.098499,0.43487,0.09843,0.43486,0.098402,0.45383,0.098531,25.217
1.8649,0.13598,0.56554,0.09265,0.43057,0.077707,0.34466,0.072046,0.32144,0.069622,0.31626,0.06881,0.31669,0.068556,0.3028,0.068473,0.30159,0.068341,0.30243,0.068257,0.30676,0.068153,0.30051,0.068164,0.30543,0.068086,0.29037,0.067951,0.2984,0.068079,0.31161,0.067937,0.30643,0.068081,0.30074,0.068181,0.30101,0.068135,0.30503,0.068084,0.30388,0.068088,17.428
2.0769,0.099104,0.37957,0.051447,0.22886,0.026635,0.11573,0.018883,0.085322,0.016093,0.069741,0.014841,0.066423,0.014177,0.064714,0.013858,0.063218,0.013717,0.063039,0.013618,0.063413,0.013586,0.063167,0.013572,0.063641,0.013567,0.061841,0.01357,0.060803,0.01357,0.060398,0.013566,0.060762,0.01357,0.060858,0.013571,0.060904,0.013571,0.06031,0.01357,0.061652,0.013572,3.4743
2.7382,0.16777,0.78866,0.12278,0.56076,0.097931,0.43386,0.086631,0.38976,0.082376,0.36376,0.080335,0.36012,0.079489,0.34856,0.078987,0.35187,0.078759,0.34619,0.078607,0.35575,0.078658,0.35282,0.078639,0.34546,0.078629,0.34672,0.078605,0.35287,0.078633,0.35282,0.078649,0.35154,0.078646,0.34702,0.078628,0.34837,0.078624,0.35472,0.078655,0.35536,0.078674,20.134
2.8133,0.09018,0.43907,0.048754,0.22348,0.029529,0.13408,0.022362,0.10124,0.019114,0.084279,0.017368,0.078786,0.01642,0.073862,0.015865,0.071757,0.015602,0.070311,0.015448,0.068697,0.015357,0.067388,0.015294,0.066893,0.015251,0.067082,0.01522,0.067652,0.015197,0.068441,0.015197,0.0682,0.015196,0.06421,0.01517,0.06569,0.015161,0.065645,0.01515,0.065398,0.015144,3.8706
2.1395,0.10381,0.452,0.065716,0.29346,0.047005,0.21324,0.040209,0.18176,0.037477,0.16901,0.036094,0.16569,0.035526,0.16071,0.035268,0.16272,0.035093,0.15792,0.03498,0.15836,0.034935,0.15558,0.034884,0.15828,0.034878,0.15903,0.034858,0.15842,0.034852,0.1577,0.034838,0.15794,0.034835,0.16161,0.034857,0.16115,0.034861,0.15736,0.034842,0.15954,0.034846,8.9158
2.1945,0.14149,0.63391,0.10484,0.46827,0.087323,0.39395,0.079949,0.36066,0.076732,0.352,0.075573,0.34347,0.075179,0.3377,0.075039,0.3366,0.075034,0.33542,0.075042,0.34204,0.075006,0.34893,0.074964,0.34514,0.074955,0.34091,0.074971,0.3395,0.074988,0.33942,0.074991,0.34504,0.074972,0.33952,0.074978,0.33836,0.074996,0.34331,0.074982,0.33698,0.074998,19.187
2.5227,0.18831,0.91269,0.156,0.71249,0.13134,0.58593,0.12079,0.54872,0.11726,0.53925,0.11461,0.51706,0.11384,0.51422,0.11333,0.51553,0.11318,0.51539,0.11308,0.51698,0.11308,0.52212,0.11311,0.51631,0.11308,0.51136,0.11303,0.51645,0.11305,0.51009,0.11301,0.52034,0.11307,0.51326,0.11304,0.51238,0.11302,0.51007,0.113,0.51759,0.11304,28.872
2.1106,0.11083,0.52794,0.071197,0.322,0.046826,0.21294,0.037185,0.17422,0.032973,0.15615,0.030697,0.14168,0.0296,0.13685,0.029175,0.13923,0.029061,0.13884,0.029028,0.13324,0.02899,0.13686,0.028995,0.13531,0.029014,0.13629,0.029022,0.13316,0.029032,0.13135,0.029044,0.13063,0.029047,0.13541,0.029039,0.13683,0.029035,0.13108,0.029042,0.13038,0.02905,7.4318
2.2756,0.12367,0.54815,0.071619,0.3176,0.049352,0.22218,0.041116,0.18003,0.037626,0.16937,0.035904,0.16109,0.035226,0.16335,0.034819,0.15409,0.034622,0.15498,0.034531,0.15105,0.034484,0.15292,0.034423,0.15126,0.034374,0.15153,0.034362,0.15297,0.034344,0.15677,0.034348,0.15492,0.034341,0.15337,0.03434,0.15364,0.034343,0.15307,0.034343,0.15349,0.034341,8.7905
1.6696,0.076135,0.32941,0.048058,0.2115,0.029809,0.13543,0.024251,0.11009,0.022253,0.098745,0.021269,0.093471,0.020862,0.095381,0.020712,0.094441,0.020673,0.091645,0.020633,0.092502,0.020616,0.091924,0.020616,0.088017,0.020589,0.092684,0.020593,0.09172,0.020594,0.092025,0.020595,0.093345,0.020602,0.093891,0.020609,0.093466,0.020609,0.094963,0.020618,0.091939,0.020606,5.2745
2.8784,0.14902,0.68506,0.083087,0.37785,0.053169,0.24504,0.040241,0.17543,0.034467,0.1493,0.031623,0.13624,0.030126,0.12838,0.029357,0.1257,0.028954,0.12424,0.028707,0.12444,0.02859,0.12444,0.028543,0.12707,0.028529,0.12341,0.028486,0.12376,0.028469,0.12183,0.028455,0.12384,0.028439,0.12421,0.028435,0.12002,0.028419,0.12446,0.028408,0.1226,0.028411,7.2727
2.0383,0.096599,0.41239,0.063936,0.28922,0.053605,0.24378,0.050558,0.23807,0.049863,0.2312,0.049566,0.22559,0.049557,0.22517,0.049573,0.22496,0.049598,0.22336,0.049637,0.22572,0.049603,0.22583,0.049597,0.22245,0.049654,0.22505,0.049618,0.22675,0.049586,0.22638,0.049587,0.22684,0.049578,0.22538,0.049597,0.22876,0.049562,0.22914,0.049552,0.22512,0.049598,12.682
2.7921,0.14804,0.61986,0.095371,0.41275,0.078127,0.3468,0.070408,0.30967,0.067167,0.29469,0.065671,0.28838,0.064146,0.27708,0.063362,0.27879,0.063041,0.27403,0.062927,0.27494,0.062928,0.27493,0.062842,0.26421,0.062854,0.27245,0.062809,0.2778,0.062766,0.28635,0.062818,0.27606,0.062761,0.27742,0.062738,0.27405,0.062737,0.27651,0.062745,0.27411,0.062738,16.059
2.4535,0.11275,0.46884,0.053236,0.23636,0.031585,0.13874,0.022269,0.098021,0.017784,0.077054,0.015311,0.065757,0.013665,0.058174,0.012678,0.054607,0.012021,0.051716,0.0116,0.049791,0.011257,0.049813,0.011057,0.048441,0.010938,0.047104,0.010873,0.047483,0.010864,0.048169,0.010857,0.045219,0.01082,0.04547,0.010795,0.044673,0.010787,0.045679,0.010778,0.045001,0.010778,2.7442
2.9461,0.18808,0.94678,0.11671,0.54424,0.078292,0.35619,0.066181,0.29952,0.061785,0.28228,0.060154,0.26921,0.059477,0.26392,0.059209,0.26371,0.059092,0.26259,0.059009,0.2658,0.058964,0.26744,0.058916,0.25796,0.058946,0.26312,0.059025,0.26449,0.059012,0.26542,0.058938,0.26121,0.059025,0.26244,0.059016,0.26233,0.059012,0.26141,0.05903,0.26443,0.058981,15.098
2.8225,0.15661,0.59172,0.082213,0.36373,0.048685,0.22242,0.035032,0.15869,0.028854,0.13245,0.025939,0.11653,0.024379,0.1064,0.023323,0.10478,0.022769,0.10294,0.02238,0.10281,0.022178,0.098375,0.022077,0.095786,0.022021,0.096067,0.021973,0.097469,0.021935,0.09806,0.021902,0.096252,0.021888,0.095431,0.021885,0.094736,0.021879,0.096009,0.021879,0.096758,0.021889,5.5992
1.7496,0.16656,0.65336,0.13429,0.60665,0.10312,0.46926,0.089889,0.40663,0.083408,0.37351,0.079855,0.35004,0.077371,0.34394,0.07584,0.32387,0.074718,0.32409,0.07406,0.31986,0.073724,0.31294,0.073412,0.31674,0.073159,0.32545,0.073058,0.30623,0.072901,0.30783,0.072877,0.31254,0.072893,0.30845,0.072792,0.31089,0.072765,0.31242,0.072778,0.30999,0.072746,18.614
2.5977,0.10795,0.48807,0.063814,0.28644,0.044406,0.2019,0.037825,0.17017,0.034786,0.15422,0.033299,0.14992,0.032604,0.14228,0.032363,0.14359,0.03228,0.14592,0.03226,0.14254,0.032188,0.14632,0.032157,0.14775,0.032164,0.14736,0.032129,0.14565,0.032149,0.14513,0.032134,0.14559,0.03213,0.14499,0.032114,0.14168,0.032079,0.14233,0.032065,0.14048,0.032041,8.2022
2.0177,0.12092,0.49675,0.083254,0.37468,0.060434,0.27192,0.052411,0.23541,0.049069,0.21299,0.04773,0.20319,0.047312,0.20215,0.04695,0.20192,0.046759,0.19993,0.046639,0.20017,0.046577,0.19818,0.046546,0.20116,0.046548,0.19952,0.046546,0.1954,0.046526,0.19812,0.04654,0.20082,0.046549,0.19812,0.046555,0.20279,0.046547,0.19704,0.046543,0.19857,0.046549,11.914
2.6715,0.16374,0.72642,0.11049,0.48039,0.085379,0.37794,0.074868,0.32797,0.070344,0.309,0.068493,0.30418,0.067782,0.30703,0.06738,0.2967,0.067358,0.30151,0.06723,0.29582,0.06735,0.29615,0.067389,0.30152,0.067292,0.30097,0.067259,0.30448,0.067165,0.30424,0.067132,0.30179,0.067152,0.30562,0.067101,0.28944,0.06657,0.29322,0.067112,0.29403,0.067365,17.205
2.4071,0.16239,0.6792,0.10186,0.47094,0.078614,0.35704,0.066915,0.30462,0.06132,0.27814,0.058713,0.26564,0.057451,0.25969,0.056687,0.25366,0.055902,0.24458,0.055526,0.24705,0.055465,0.23983,0.055304,0.24054,0.055318,0.23915,0.055313,0.24898,0.05532,0.24905,0.055337,0.24871,0.055342,0.25058,0.055319,0.24499,0.05527,0.24684,0.055258,0.24014,0.055229,14.138
2.8195,0.18623,0.9031,0.13401,0.61364,0.10257,0.45053,0.089375,0.39984,0.083219,0.37436,0.080452,0.36043,0.078676,0.34303,0.077905,0.34541,0.077544,0.33672,0.077434,0.33764,0.07735,0.3481,0.077197,0.34007,0.077179,0.34267,0.077131,0.34433,0.077112,0.35182,0.077106,0.34606,0.077087,0.34991,0.077077,0.35344,0.077077,0.34021,0.077089,0.34228,0.077072,19.73
3.3779,0.20801,0.9003,0.13264,0.5939,0.10198,0.45956,0.088164,0.38888,0.081491,0.36432,0.077413,0.34566,0.075398,0.34159,0.074377,0.32532,0.073459,0.32158,0.072692,0.33215,0.072348,0.33311,0.072492,0.32855,0.07243,0.3331,0.072374,0.33478,0.072394,0.3343,0.072462,0.33545,0.072416,0.34301,0.072311,0.34466,0.07225,0.33851,0.072247,0.33155,0.072157,18.452
1.9683,0.13395,0.52946,0.084039,0.36803,0.061559,0.27344,0.053118,0.23893,0.049282,0.22214,0.047314,0.21204,0.046298,0.21792,0.045898,0.21077,0.045563,0.20589,0.045399,0.20806,0.045282,0.20085,0.045165,0.19735,0.045067,0.19873,0.045029,0.19862,0.044991,0.19845,0.044986,0.20015,0.044994,0.20084,0.044991,0.19822,0.044983,0.19757,0.044983,0.20131,0.044994,11.518
2.6863,0.13918,0.6352,0.089224,0.40385,0.066313,0.30174,0.056252,0.26239,0.051271,0.23502,0.048492,0.21883,0.04701,0.21209,0.046537,0.21243,0.046263,0.21634,0.046206,0.21207,0.046216,0.21003,0.046168,0.21166,0.046114,0.20557,0.04609,0.20608,0.046109,0.20637,0.046111,0.221,0.046371,0.21833,0.04616,0.21862,0.046235,0.21202,0.046048,0.21269,0.046143,11.809
2.0433,0.13529,0.6371,0.1009,0.45345,0.073311,0.33212,0.063553,0.28977,0.059634,0.26603,0.057963,0.25735,0.057433,0.25732,0.057202,0.257,0.057059,0.25809,0.056956,0.25304,0.056607,0.253,0.056423,0.25405,0.056344,0.24975,0.056268,0.25192,0.056261,0.24913,0.056274,0.24972,0.056272,0.2495,0.056269,0.24966,0.056265,0.25114,0.056266,0.25319,0.056275,14.403
3.1835,0.1568,0.74123,0.10259,0.46776,0.079975,0.35624,0.071957,0.32022,0.069007,0.31085,0.06773,0.29892,0.067414,0.29444,0.067361,0.29769,0.067394,0.29802,0.067452,0.29437,0.067409,0.29031,0.06738,0.29099,0.067385,0.29873,0.067345,0.31264,0.067022,0.29877,0.066991,0.29488,0.067068,0.29638,0.067243,0.29267,0.06734,0.29708,0.067382,0.29695,0.067404,17.242
2.5207,0.17449,0.7798,0.12128,0.55457,0.087258,0.38968,0.075871,0.33348,0.071429,0.31048,0.069369,0.30568,0.068935,0.31007,0.068629,0.31147,0.068471,0.31238,0.068408,0.30539,0.068505,0.30744,0.068527,0.31317,0.068435,0.31507,0.068382,0.31512,0.068346,0.31184,0.068374,0.31176,0.068397,0.30611,0.068532,0.30734,0.068548,0.30925,0.068511,0.31165,0.068452,17.519
2.6053,0.24522,1.0206,0.18232,0.84494,0.15596,0.72914,0.14279,0.94429,0.14078,1.0299,0.14133,0.76519,0.13537,0.27296,0.16026,0.58154,0.1439,0.50964,0.13486,0.68756,0.13315,33.891
2.6053,0.24522,1.0206,0.18232,0.84494,0.15596,0.72914,0.14279,0.94429,0.14078,1.0299,0.14133,0.76519,0.13537,0.27296,0.16026,0.58154,0.1439,0.50964,0.13486,0.68756,0.13315,33.891
2.1296,0.15469,0.66712,0.11385,0.48182,0.10204,0.46486,0.086285,0.3879,0.080344,0.28891,0.078636,0.3579,0.077018,0.31721,0.075709,0.34863,0.07511,0.34124,0.074392,0.38899,0.074304,19.014
2.3323,0.12251,0.58939,0.084561,0.37567,0.071204,0.31643,0.064799,0.30759,0.060827,0.2818,0.059643,0.24727,0.059292,0.24507,0.059099,0.29342,0.059098,0.29894,0.05942,0.31061,0.059191,15.146
3.4737,0.232,1.139,0.14701,0.67293,0.11256,0.47746,0.11415,0.51941,0.094352,0.45421,0.08728,0.35685,0.084986,0.40789,0.084164,0.32569,0.083744,0.34472,0.083472,0.37788,0.083447,21.351
2.1189,0.11188,0.47466,0.075616,0.31827,0.058285,0.2642,0.05018,0.24361,0.047176,0.20033,0.04602,0.21371,0.045525,0.19286,0.045286,0.18817,0.045232,0.20503,0.045209,0.19953,0.045169,11.562
2.4336,0.096799,0.38848,0.048266,0.20652,0.030207,0.12909,0.023659,0.1087,0.021021,0.096249,0.020027,0.085055,0.019543,0.083554,0.019372,0.083729,0.0193,0.076638,0.019257,0.076929,0.019232,4.9224
2.2134,0.12952,0.50982,0.086272,0.49833,0.070084,0.45778,0.068524,0.35588,0.062124,0.26205,0.059956,0.25193,0.059236,0.25838,0.058952,0.28726,0.05884,0.30673,0.059007,0.28273,0.058897,15.057
2.371,0.1306,0.56866,0.093897,0.42147,0.073143,0.387,0.066162,0.28334,0.061949,0.28872,0.059537,0.22937,0.058676,0.20454,0.058359,0.20526,0.058441,0.23938,0.058085,0.26563,0.058226,14.894
1.6982,0.10651,0.39829,0.071898,0.34556,0.052618,0.24877,0.047443,0.22864,0.045804,0.20619,0.045031,0.19453,0.044692,0.19815,0.044517,0.19439,0.044477,0.19797,0.044433,0.16584,0.044345,11.35
2.4325,0.13895,0.68864,0.093547,0.42293,0.076004,0.37783,0.06822,0.30516,0.066848,0.32155,0.066093,0.33006,0.06657,0.28245,0.065833,0.31316,0.06575,0.33555,0.066478,0.34202,0.066314,16.944
2.3551,0.12518,0.56231,0.087839,0.39707,0.069115,0.31891,0.062506,0.35027,0.060305,0.25725,0.059496,0.22201,0.059038,0.22251,0.058699,0.22026,0.058503,0.21889,0.058569,0.19864,0.058918,15.04
1.53,0.08013,0.37926,0.052251,0.24787,0.034045,0.17266,0.029179,0.13495,0.026745,0.11913,0.025598,0.11462,0.025128,0.1127,0.024924,0.10984,0.024908,0.11192,0.024874,0.10174,0.02487,6.3591
2.9327,0.12584,0.59617,0.088829,0.3884,0.074537,0.35506,0.064478,0.30888,0.061454,0.24672,0.060079,0.23979,0.059542,0.24184,0.059173,0.23227,0.059044,0.23871,0.058978,0.24496,0.059112,15.085
2.3321,0.1071,0.5314,0.063423,0.29093,0.043335,0.192,0.038279,0.18015,0.03654,0.15184,0.035959,0.15996,0.035825,0.16125,0.035748,0.16557,0.03575,0.14843,0.035722,0.16224,0.03574,9.1358
2.4613,0.11071,0.54793,0.059809,0.27808,0.03654,0.1704,0.028285,0.11728,0.024735,0.1093,0.02284,0.10202,0.021773,0.094782,0.021377,0.094545,0.021034,0.096409,0.020903,0.087399,0.0208,5.3193
1.7548,0.11335,0.46888,0.073898,0.3422,0.05068,0.24287,0.041987,0.17433,0.037242,0.14866,0.035151,0.1447,0.033795,0.14335,0.033006,0.16032,0.032591,0.17198,0.03255,0.16574,0.032471,8.3092
3.0133,0.16631,0.7289,0.11168,0.48663,0.085985,0.37087,0.074685,0.37581,0.069027,0.26889,0.06683,0.26945,0.065639,0.27619,0.06508,0.30096,0.065023,0.32442,0.065025,0.2225,0.064827,16.584
2.0366,0.10583,0.41797,0.062037,0.27417,0.04299,0.19443,0.036223,0.14873,0.033579,0.1589,0.032134,0.13776,0.031496,0.13095,0.031201,0.13277,0.031073,0.12405,0.031003,0.13772,0.030982,7.9302
3.324,0.12316,0.53005,0.054389,0.25044,0.037813,0.17326,0.032393,0.14933,0.030476,0.1437,0.029438,0.1276,0.029121,0.11652,0.028959,0.12946,0.028891,0.12208,0.028838,0.12509,0.028831,7.3798
2.1017,0.11115,0.43354,0.064056,0.26211,0.043391,0.17429,0.035765,0.15847,0.032005,0.13434,0.030628,0.12722,0.030048,0.12025,0.029777,0.1337,0.029619,0.127,0.02952,0.1264,0.029497,7.5491
2.0449,0.12085,0.52643,0.062636,0.33595,0.041493,0.17688,0.032232,0.14945,0.026863,0.1072,0.024833,0.10176,0.023784,0.1003,0.023266,0.096776,0.022928,0.10476,0.022885,0.1037,0.022819,5.8383
2.2147,0.20523,0.88385,0.17761,0.9476,0.17095,1.4603,0.185,0.6964,0.17337,0.88264,0.16951,0.9758,0.17201,1.1139,0.18585,0.97107,0.17278,0.95891,0.16988,0.51118,0.16675,42.652
2.6524,0.1786,0.79913,0.13509,0.63524,0.11837,0.63357,0.11445,0.51572,0.11239,0.70585,0.11419,0.37701,0.11218,0.45796,0.11168,0.50799,0.11172,0.49873,0.11137,0.63829,0.11229,28.706
2.3332,0.12509,0.50911,0.075529,0.4626,0.058239,0.25132,0.044045,0.18716,0.038118,0.17237,0.034709,0.1715,0.03314,0.14183,0.032291,0.15328,0.031788,0.14368,0.031424,0.1368,0.031263,7.9899
1.9713,0.13028,0.50341,0.066561,0.35004,0.045092,0.16831,0.03854,0.17102,0.03313,0.13687,0.030914,0.13887,0.029555,0.12045,0.028846,0.12703,0.028441,0.12761,0.028218,0.12197,0.028106,7.1911
2.3909,0.18925,0.72919,0.12907,0.56337,0.092319,0.37117,0.075715,0.38323,0.065408,0.25736,0.060281,0.26482,0.057685,0.26025,0.055466,0.25667,0.05438,0.1933,0.053996,0.23991,0.0535,13.683
2.1663,0.14014,0.57118,0.09437,0.39373,0.074524,0.27338,0.066231,0.268,0.060718,0.25383,0.056933,0.26231,0.055031,0.29079,0.054156,0.33528,0.055592,0.2471,0.05427,0.26088,0.053662,13.718
2.6703,0.12168,0.46739,0.061893,0.27501,0.044171,0.19236,0.038421,0.17715,0.036162,0.14382,0.035261,0.14088,0.034755,0.15351,0.03445,0.14667,0.034371,0.12699,0.034362,0.15551,0.034242,8.761
2.3437,0.15021,0.68502,0.11007,0.47493,0.090888,0.392,0.082302,0.33466,0.079017,0.2964,0.078157,0.3177,0.077232,0.3333,0.076724,0.41462,0.076359,0.30237,0.076184,0.31191,0.076119,19.476
2.0957,0.19968,0.79967,0.15877,0.62048,0.14299,0.73721,0.13573,0.21391,0.13843,0.47455,0.13396,0.58767,0.13304,0.60018,0.13272,0.72077,0.13349,0.31477,0.12801,0.4588,0.1226,31.303
2.4791,0.13045,0.64451,0.081065,0.37798,0.070787,0.33094,0.054648,0.22213,0.050365,0.21345,0.047806,0.20469,0.046322,0.2279,0.045696,0.22216,0.045528,0.23629,0.045377,0.2113,0.04518,11.563
2.4936,0.17691,0.75891,0.13753,0.55086,0.12628,0.57999,0.10945,0.64119,0.10516,0.55077,0.10056,0.25419,0.10041,0.34055,0.098233,0.42196,0.096397,0.29926,0.096439,0.40803,0.095875,24.483
3.3062,0.11553,0.55241,0.070483,0.32603,0.053012,0.23769,0.048151,0.20605,0.046127,0.16973,0.045564,0.17753,0.045197,0.19971,0.045058,0.2072,0.044878,0.19121,0.044839,0.1969,0.044815,11.47
2.7095,0.19044,0.9541,0.12061,0.58115,0.074407,0.54826,0.077074,0.36489,0.051905,0.23962,0.040431,0.19672,0.035256,0.16982,0.033011,0.15169,0.031392,0.14068,0.030664,0.14619,0.030291,7.7428
1.6899,0.11874,0.54195,0.087126,0.38801,0.065656,0.35533,0.056788,0.29465,0.052014,0.25042,0.048576,0.25269,0.046882,0.28107,0.047074,0.23603,0.046115,0.16053,0.046122,0.17848,0.045988,11.728
1.9745,0.090087,0.38769,0.052579,0.26658,0.037741,0.17351,0.03261,0.14931,0.030598,0.12937,0.029767,0.1277,0.029471,0.14384,0.029488,0.12231,0.029347,0.12837,0.029355,0.14367,0.029516,7.5526
2.4884,0.15867,0.72427,0.10993,0.52279,0.087212,0.51677,0.082878,0.62121,0.081976,0.32346,0.080112,0.34216,0.077817,0.31617,0.077229,0.38991,0.076843,0.40447,0.076863,0.43763,0.077127,19.739
2.2259,0.13825,0.59895,0.10187,0.38401,0.099321,0.46825,0.08489,0.43313,0.081367,0.38954,0.079103,0.33031,0.078409,0.33575,0.078127,0.3495,0.078017,0.33633,0.078001,0.33911,0.078017,19.967
2.2683,0.1182,0.49449,0.070143,0.30508,0.048522,0.23825,0.038183,0.18103,0.034188,0.1068,0.032983,0.13383,0.032008,0.12637,0.031312,0.11785,0.030905,0.1241,0.030602,0.12286,0.030483,7.7943
2.6252,0.19696,0.78309,0.12674,0.47623,0.14217,0.60958,0.089341,0.34608,0.068172,0.31455,0.053196,0.25648,0.04495,0.19053,0.0408,0.17984,0.038645,0.15457,0.036973,0.15588,0.036036,9.2106
1.8832,0.11986,0.43758,0.067477,0.29413,0.041736,0.19853,0.032586,0.145,0.028336,0.12542,0.026298,0.11809,0.025306,0.10972,0.024946,0.10856,0.024753,0.10807,0.024615,0.10912,0.024559,6.2832
1.6619,0.09344,0.43552,0.062063,0.28241,0.037044,0.16517,0.02979,0.13332,0.026408,0.12298,0.024778,0.1208,0.02376,0.10454,0.023293,0.1077,0.023018,0.11262,0.022932,0.096681,0.02283,5.8374
1.8854,0.10449,0.4586,0.068241,0.36591,0.051232,0.2481,0.04286,0.18503,0.039159,0.17696,0.037449,0.15432,0.03667,0.15425,0.036278,0.1668,0.036104,0.16295,0.036027,0.15769,0.036001,9.2013
2.416,0.20135,0.81194,0.14687,0.52275,0.14221,0.62616,0.11487,0.44895,0.10737,0.52875,0.10039,0.36337,0.098581,0.43681,0.096644,0.45853,0.095739,0.4491,0.095061,0.39879,0.094878,24.275
2.0953,0.14548,0.54553,0.085652,0.39138,0.059167,0.22305,0.048472,0.22067,0.042889,0.19795,0.039675,0.17485,0.03823,0.16518,0.037286,0.15807,0.036752,0.15844,0.036431,0.1763,0.036406,9.3146
2.9511,0.15832,0.73755,0.10109,0.46645,0.070151,0.30665,0.058345,0.25429,0.052392,0.21954,0.049993,0.22576,0.048027,0.25322,0.047106,0.25986,0.047207,0.20124,0.046989,0.17912,0.046862,11.976
2.4627,0.14259,0.65582,0.08078,0.38827,0.047724,0.2568,0.037934,0.20247,0.032822,0.14485,0.029345,0.12472,0.027185,0.11651,0.025916,0.11612,0.025114,0.12289,0.024785,0.14081,0.024781,6.3353
2.9703,0.19904,0.92114,0.13717,0.59542,0.11617,0.50429,0.099463,0.44404,0.087823,0.44415,0.081884,0.39363,0.080034,0.4652,0.082254,0.5765,0.085015,0.41707,0.081114,0.33266,0.07944,20.306
1.7984,0.15189,0.62419,0.12046,0.54094,0.093954,0.55599,0.08734,0.41959,0.080591,0.25542,0.079279,0.31523,0.075305,0.27541,0.073657,0.25444,0.073282,0.31263,0.072018,0.2854,0.071079,18.116
2.9418,0.17033,0.76612,0.11584,0.49558,0.08905,0.37973,0.077588,0.34025,0.072135,0.35728,0.069957,0.35571,0.06912,0.27264,0.068566,0.29164,0.068042,0.31189,0.067725,0.35779,0.068025,17.406
2.0659,0.143,0.53851,0.091562,0.43058,0.062751,0.29418,0.05159,0.20263,0.046563,0.17651,0.04383,0.19421,0.042428,0.19944,0.041596,0.19999,0.041188,0.18681,0.04099,0.19004,0.040881,10.462
1.2665,0.12541,0.51092,0.11278,0.50099,0.084419,0.38232,0.072416,0.25417,0.069257,0.28443,0.066123,0.27038,0.064274,0.2696,0.062809,0.28291,0.06111,0.22708,0.061093,0.2412,0.060961,15.505
1.8603,0.14252,0.56216,0.094582,0.45634,0.069334,0.38171,0.061841,0.27755,0.055669,0.2111,0.052927,0.22565,0.051163,0.22793,0.050201,0.24292,0.049699,0.22601,0.049374,0.21155,0.049325,12.622
2.2924,0.1381,0.6488,0.088275,0.39813,0.057388,0.25223,0.044519,0.19725,0.036234,0.16291,0.032418,0.12542,0.03116,0.1295,0.030186,0.14133,0.029587,0.12109,0.029279,0.12326,0.028958,7.4026
2.7218,0.1529,0.60755,0.088008,0.36677,0.064535,0.25812,0.056068,0.25171,0.051361,0.22355,0.049556,0.23051,0.048924,0.24152,0.048722,0.1983,0.048661,0.24625,0.048478,0.22184,0.048432,12.383
1.827,0.10424,0.53314,0.064484,0.28985,0.034723,0.15488,0.026388,0.11363,0.022899,0.099354,0.021225,0.09312,0.020317,0.093641,0.019832,0.092784,0.019513,0.091074,0.019327,0.086737,0.019224,4.9178
2.387,0.18451,0.84075,0.14019,0.68924,0.10017,0.36429,0.089908,0.39313,0.077955,0.38626,0.071347,0.3684,0.068231,0.37131,0.066339,0.28197,0.064985,0.28645,0.063652,0.22051,0.063299,16.158
2.091,0.13704,0.56686,0.096948,0.41201,0.076705,0.31604,0.069563,0.29145,0.065796,0.30129,0.064257,0.27127,0.063576,0.28548,0.062899,0.31592,0.063133,0.26458,0.062899,0.26792,0.062726,16.048
2.3757,0.16425,0.65927,0.11459,0.42653,0.099134,0.45348,0.082035,0.32715,0.075654,0.28111,0.072892,0.2822,0.071032,0.32517,0.069482,0.37088,0.07021,0.31921,0.06934,0.28586,0.068726,17.565
2.3726,0.14544,0.62911,0.090124,0.49624,0.06909,0.26477,0.061126,0.27383,0.053834,0.24206,0.050552,0.26563,0.049089,0.19272,0.047948,0.16199,0.047473,0.1904,0.047052,0.17668,0.046785,11.957
2.317,0.13166,0.58747,0.099806,0.44957,0.086645,0.40102,0.082726,0.39726,0.08168,0.3097,0.081498,0.30508,0.081323,0.33338,0.08159,0.37939,0.081514,0.42621,0.081639,0.32437,0.081259,20.757
3.0954,0.10602,0.41403,0.045418,0.19255,0.027867,0.11791,0.021872,0.10194,0.018907,0.081252,0.017449,0.074547,0.016635,0.077205,0.01627,0.075554,0.01609,0.069346,0.015955,0.069444,0.015893,4.0657
2.8469,0.11256,0.5572,0.0778,0.33948,0.065199,0.29285,0.058892,0.29658,0.05716,0.22369,0.056301,0.26188,0.056245,0.27578,0.056038,0.24593,0.055679,0.28054,0.055792,0.31018,0.056757,14.515
2.0919,0.09172,0.38033,0.04725,0.19216,0.034636,0.15678,0.029256,0.12246,0.027524,0.11049,0.026976,0.11579,0.026788,0.11322,0.026712,0.12384,0.026642,0.11964,0.026604,0.11896,0.026598,6.808
2.0019,0.056864,0.23192,0.022833,0.098807,0.010572,0.044461,0.0075396,0.033014,0.0062764,0.025154,0.0058548,0.025511,0.0055658,0.023746,0.0054423,0.023337,0.0053807,0.02313,0.0053426,0.022182,0.0053311,1.3588
2.6072,0.20163,0.89253,0.17202,0.65002,0.16749,0.84997,0.16312,0.62758,0.16225,0.70076,0.16214,0.70612,0.16214,0.72545,0.16216,0.62659,0.1621,0.6002,0.16207,0.63245,0.16208,41.356
1.9788,0.11412,0.56725,0.08173,0.37086,0.065967,0.30834,0.059747,0.3312,0.058669,0.28668,0.057649,0.24824,0.057358,0.24471,0.057218,0.26036,0.057637,0.2191,0.057316,0.23759,0.057236,14.63
1.9893,0.10331,0.49548,0.075065,0.41161,0.065506,0.35503,0.061253,0.34594,0.059723,0.26691,0.058932,0.28365,0.058679,0.30997,0.059017,0.32424,0.059142,0.26815,0.058803,0.36785,0.059757,15.216
2.7564,0.091433,0.49063,0.039336,0.21348,0.027256,0.12464,0.018701,0.083186,0.016558,0.073665,0.015902,0.071039,0.015631,0.070404,0.015544,0.070702,0.015522,0.06865,0.015525,0.070582,0.015523,3.9712
1.9436,0.088787,0.33285,0.046179,0.21396,0.030859,0.12891,0.026269,0.11748,0.024634,0.12041,0.023998,0.11152,0.023781,0.095741,0.023692,0.095838,0.023685,0.10534,0.023675,0.10313,0.023682,6.0568
2.5355,0.1738,0.73264,0.14045,0.52816,0.13225,0.54015,0.12655,0.52885,0.12338,0.69206,0.12179,0.54325,0.12107,0.57382,0.12094,0.54951,0.12063,0.50657,0.12045,0.51141,0.1204,30.801
2.6526,0.092341,0.37297,0.048158,0.20484,0.03394,0.15477,0.029291,0.14119,0.027435,0.1247,0.02665,0.11543,0.026382,0.11829,0.026297,0.11887,0.026272,0.12378,0.026287,0.11531,0.026293,6.725
2.0694,0.13098,0.58991,0.10503,0.465,0.094103,0.45079,0.089109,0.44389,0.087967,0.40798,0.087438,0.34609,0.087503,0.322,0.087732,0.38926,0.087508,0.41274,0.087507,0.41806,0.08747,22.385
2.472,0.13494,0.54503,0.090227,0.40665,0.073711,0.42068,0.069223,0.33843,0.067099,0.36173,0.066348,0.33342,0.066326,0.29157,0.065994,0.31721,0.065853,0.35005,0.066083,0.34679,0.066177,16.923
2.2662,0.090847,0.40837,0.060211,0.2909,0.049592,0.21406,0.045102,0.17987,0.044003,0.18217,0.043578,0.20257,0.043287,0.19822,0.043208,0.1974,0.043199,0.20661,0.043211,0.16029,0.043411,11.093
2.2925,0.084242,0.41758,0.056122,0.2555,0.045644,0.20942,0.039255,0.17943,0.03793,0.15214,0.037548,0.16665,0.037405,0.1713,0.037398,0.17013,0.037415,0.16679,0.037411,0.1759,0.037409,9.5762
2.863,0.14313,0.6306,0.09642,0.39521,0.083337,0.40571,0.077451,0.38496,0.075317,0.39597,0.074718,0.39463,0.074475,0.26958,0.073956,0.2993,0.073881,0.29815,0.073954,0.26992,0.073765,18.879
2.4317,0.1739,0.80885,0.13729,0.61715,0.11802,0.4452,0.1119,0.44063,0.10894,0.49463,0.10679,0.33216,0.10888,0.43108,0.10686,0.46482,0.10773,0.49105,0.10638,0.45205,0.10592,27.05
2.2212,0.17675,0.68437,0.14405,0.56847,0.1321,0.48272,0.12926,0.53741,0.12692,0.49524,0.12625,0.44788,0.12653,0.49467,0.12617,0.45698,0.12666,0.50821,0.12615,0.55287,0.12549,32.074
2.4417,0.10672,0.46737,0.076586,0.35601,0.061087,0.21964,0.05633,0.25198,0.053068,0.24465,0.051744,0.26696,0.051254,0.19803,0.051199,0.19769,0.050952,0.23285,0.050692,0.26379,0.051157,13.086
3.0965,0.12245,0.50872,0.07571,0.31998,0.061732,0.31031,0.055679,0.27291,0.053078,0.23316,0.051711,0.23945,0.050982,0.28044,0.051523,0.27552,0.051472,0.23012,0.050796,0.2269,0.050554,12.939
2.0923,0.10435,0.45375,0.071499,0.32567,0.048077,0.19389,0.041787,0.17848,0.03824,0.17965,0.036048,0.17003,0.034907,0.17536,0.034422,0.1659,0.034079,0.16779,0.033945,0.15334,0.033818,8.6534
2.6485,0.16511,0.7068,0.10482,0.47862,0.07793,0.34903,0.066733,0.31515,0.061614,0.28924,0.059446,0.2923,0.058504,0.29813,0.058133,0.2765,0.058017,0.27801,0.057762,0.27193,0.057525,14.718
2.598,0.17232,0.76004,0.11673,0.47959,0.097807,0.43106,0.085268,0.37585,0.079715,0.36628,0.076035,0.31187,0.075293,0.36209,0.074774,0.2957,0.074594,0.43282,0.07481,0.38502,0.074793,19.138
1.9918,0.12732,0.55045,0.085945,0.40092,0.064012,0.29918,0.056014,0.24162,0.051736,0.24996,0.050035,0.23713,0.04921,0.25141,0.049022,0.21699,0.048907,0.21858,0.048903,0.1956,0.048792,12.483
1.997,0.12475,0.52096,0.089729,0.38023,0.078375,0.32478,0.074147,0.28598,0.072493,0.35442,0.071854,0.36344,0.071633,0.28487,0.071137,0.30471,0.071008,0.3966,0.072246,0.32302,0.071524,18.293
2.2146,0.1006,0.47824,0.06968,0.31509,0.052879,0.23073,0.042649,0.18426,0.038588,0.17899,0.035801,0.16627,0.034689,0.15983,0.034093,0.1595,0.033841,0.16346,0.033658,0.16865,0.033647,8.6109
2.6401,0.17941,0.7506,0.13242,0.55719,0.10992,0.54873,0.099911,0.48549,0.095577,0.32464,0.093901,0.37261,0.092232,0.39498,0.091441,0.42684,0.091235,0.45637,0.091399,0.36332,0.091019,23.271
2.015,0.11534,0.45388,0.077741,0.35451,0.051798,0.22986,0.043618,0.18912,0.040394,0.185,0.03882,0.18118,0.037956,0.18009,0.037485,0.1702,0.03722,0.17961,0.037085,0.17196,0.036992,9.4682
2.9735,0.17363,0.65127,0.069717,0.32879,0.038551,0.20727,0.031353,0.15752,0.026596,0.11251,0.02356,0.10658,0.022394,0.10562,0.021781,0.10249,0.021393,0.098685,0.021119,0.089582,0.02097,5.3347
1.1917,0.12636,0.50832,0.12137,0.52069,0.11082,0.43051,0.1081,0.4749,0.10744,0.46756,0.10736,0.46834,0.10727,0.44073,0.10561,0.46335,0.10724,0.38557,0.1057,0.44687,0.10524,26.88
2.2824,0.087338,0.35569,0.057105,0.25753,0.048113,0.21309,0.04565,0.20572,0.045139,0.20572,0.045101,0.21014,0.045116,0.19817,0.045066,0.21196,0.045107,0.20858,0.045092,0.22157,0.045615,11.591
2.3076,0.18159,0.72237,0.12859,0.46453,0.12248,0.53432,0.093158,0.40154,0.081242,0.37427,0.074493,0.26479,0.070842,0.36203,0.068317,0.37802,0.068025,0.29146,0.066606,0.29858,0.065809,16.813
2.955,0.12165,0.51398,0.086934,0.4489,0.072521,0.35167,0.065292,0.38067,0.063459,0.27212,0.061125,0.26368,0.0601,0.2154,0.05957,0.25077,0.059012,0.22111,0.058924,0.29201,0.059008,15.07
2.3076,0.14198,0.56002,0.098675,0.44567,0.086673,0.40741,0.084064,0.40329,0.083393,0.38664,0.083273,0.32608,0.083255,0.37272,0.083451,0.31973,0.083464,0.33667,0.083523,0.38694,0.083358,21.282
2.4389,0.14782,0.67585,0.11058,0.50026,0.091507,0.43144,0.083919,0.26253,0.081224,0.35513,0.080313,0.33218,0.079228,0.37768,0.079058,0.42172,0.079345,0.31355,0.078395,0.30532,0.078002,19.955
3.173,0.12078,0.56655,0.047207,0.21348,0.026835,0.11914,0.019805,0.086097,0.016281,0.07488,0.014248,0.06104,0.013395,0.056156,0.012914,0.058934,0.012557,0.055741,0.012479,0.057917,0.01235,3.1586
3.6581,0.17103,0.85665,0.075704,0.40512,0.060437,0.26936,0.035166,0.15555,0.028627,0.13073,0.025564,0.11234,0.024221,0.10763,0.023526,0.10673,0.023277,0.1054,0.02311,0.10287,0.023039,5.8957
2.0137,0.16294,0.66589,0.13202,0.66224,0.1222,0.48274,0.11956,0.61691,0.11914,0.45389,0.11861,0.51899,0.11811,0.46646,0.11906,0.46341,0.11967,0.50639,0.11867,0.47639,0.1189,30.317
1.9974,0.13708,0.56051,0.099501,0.46482,0.081526,0.30733,0.0748,0.30893,0.07131,0.30558,0.069548,0.2529,0.068728,0.29016,0.068284,0.31399,0.068098,0.2731,0.067717,0.2533,0.067862,17.309
2.6009,0.14215,0.67807,0.081367,0.41484,0.075966,0.3373,0.042368,0.18409,0.034324,0.15587,0.030137,0.12654,0.028411,0.1182,0.027273,0.1169,0.026678,0.11855,0.0263,0.12441,0.026149,6.6898
1.5582,0.14636,0.53716,0.099338,0.5445,0.073694,0.38804,0.066921,0.25463,0.06243,0.28405,0.06066,0.28076,0.059585,0.24091,0.059076,0.22263,0.058929,0.25091,0.058711,0.2436,0.058678,15.014
2.3049,0.1728,0.73079,0.13877,0.47702,0.14378,0.61176,0.12592,0.68135,0.1151,0.58463,0.11069,0.5182,0.10028,0.3534,0.095939,0.3891,0.091754,0.42641,0.089999,0.539,0.095286,24.318
2.9324,0.16547,0.7098,0.096445,0.48447,0.069382,0.25344,0.059036,0.26368,0.050126,0.22786,0.045654,0.18519,0.043253,0.18696,0.04193,0.17753,0.041156,0.18636,0.040415,0.21702,0.03993,10.208
2.3811,0.14231,0.53406,0.090323,0.38591,0.069532,0.32516,0.062003,0.33857,0.059579,0.26247,0.058357,0.2591,0.057974,0.28369,0.057502,0.28392,0.057324,0.2617,0.057496,0.3019,0.057901,14.817
1.9531,0.12042,0.54866,0.097349,0.43743,0.077854,0.32959,0.072159,0.34885,0.069372,0.28646,0.068724,0.30544,0.068288,0.26721,0.068255,0.30671,0.068126,0.33887,0.06833,0.29217,0.068222,17.454
2.0423,0.16124,0.61098,0.10256,0.49902,0.081959,0.5914,0.081551,0.51162,0.076382,0.32637,0.071623,0.24435,0.068674,0.22731,0.067025,0.24051,0.065952,0.25537,0.06507,0.26699,0.065798,16.826
2.2737,0.13369,0.57859,0.089693,0.38852,0.07514,0.34519,0.045897,0.28304,0.03896,0.17115,0.032288,0.13469,0.028358,0.12627,0.024737,0.10932,0.022719,0.11429,0.02151,0.099868,0.020842,5.2973
1.6256,0.15203,0.57337,0.11276,0.48437,0.088413,0.27545,0.084374,0.33519,0.077903,0.31891,0.074086,0.29224,0.071938,0.28781,0.070523,0.29666,0.070397,0.32555,0.069638,0.33454,0.07012,17.92
1.9815,0.188,0.80182,0.14921,0.79583,0.11957,0.41646,0.10998,0.44595,0.10088,0.42694,0.094505,0.3658,0.092919,0.32174,0.09526,0.36096,0.1017,0.42055,0.11214,0.48535,0.098453,24.839
2.7377,0.13301,0.66088,0.081075,0.36616,0.056736,0.25634,0.047402,0.20661,0.04294,0.19799,0.040414,0.17488,0.039474,0.19036,0.038705,0.18375,0.038394,0.19955,0.03819,0.16901,0.038113,9.7329
2.3081,0.19395,0.79897,0.15208,0.69113,0.12277,0.59772,0.11082,0.4125,0.10326,0.38466,0.1001,0.38408,0.098109,0.48894,0.097409,0.40276,0.095919,0.49773,0.096171,0.58298,0.10237,26.128
1.8614,0.13996,0.56167,0.095382,0.43042,0.079689,0.33485,0.074056,0.41485,0.072207,0.3354,0.070457,0.35062,0.069819,0.26779,0.069165,0.28798,0.068666,0.3786,0.071193,0.31149,0.06994,17.878
2.1292,0.093614,0.38566,0.04421,0.24677,0.027783,0.12251,0.019072,0.080637,0.016153,0.071028,0.014709,0.060941,0.014001,0.061123,0.013698,0.055911,0.013697,0.059389,0.013554,0.060314,0.013486,3.4467
2.5289,0.15963,0.65481,0.11419,0.56304,0.091903,0.39102,0.084544,0.29305,0.081494,0.31068,0.080383,0.32279,0.079581,0.36283,0.079142,0.33305,0.079089,0.3072,0.078878,0.37096,0.078962,20.198
2.5937,0.11359,0.43548,0.051299,0.23102,0.028997,0.14092,0.022424,0.10821,0.019088,0.089003,0.017265,0.078411,0.016341,0.076093,0.015834,0.070215,0.015483,0.070573,0.015283,0.073508,0.01521,3.8851
2.0629,0.10606,0.43114,0.067494,0.28079,0.04984,0.22052,0.041371,0.20254,0.037633,0.17842,0.035951,0.1828,0.035165,0.18748,0.035098,0.16486,0.034718,0.16017,0.034444,0.16075,0.034369,8.7917
2.0929,0.13707,0.57491,0.099962,0.39003,0.087453,0.39721,0.080126,0.3655,0.077184,0.35978,0.076019,0.3561,0.07557,0.31392,0.075394,0.35246,0.075309,0.36073,0.075272,0.3562,0.075223,19.256
2.1852,0.18247,0.68922,0.14024,0.64164,0.12105,0.5107,0.11583,0.53983,0.11458,0.37321,0.11401,0.3632,0.11404,0.44841,0.11385,0.38333,0.11424,0.53256,0.11406,0.42268,0.11415,29.197
2.1043,0.11675,0.55526,0.072745,0.33254,0.054207,0.23894,0.041344,0.1737,0.036195,0.16302,0.03294,0.16087,0.031312,0.14018,0.030602,0.13115,0.030076,0.14313,0.029875,0.14556,0.029832,7.6351
2.2575,0.11573,0.52988,0.072771,0.31424,0.054351,0.27761,0.042188,0.27074,0.04152,0.16382,0.03825,0.17764,0.036479,0.16302,0.035616,0.18501,0.035341,0.18641,0.035176,0.17454,0.034888,8.9237
1.805,0.083161,0.41934,0.049935,0.23217,0.029886,0.12767,0.024932,0.12031,0.022464,0.11174,0.021571,0.11057,0.021198,0.10499,0.021032,0.094584,0.02094,0.085298,0.020902,0.089449,0.020869,5.3349
2.688,0.14427,0.60414,0.078439,0.38755,0.050482,0.21272,0.039116,0.19918,0.033774,0.14139,0.031155,0.13415,0.029778,0.11692,0.028911,0.11967,0.028452,0.11296,0.028233,0.12225,0.028109,7.1927
2.0819,0.097966,0.43924,0.0659,0.35957,0.05646,0.26184,0.051887,0.2231,0.050413,0.23374,0.04978,0.24649,0.049597,0.23394,0.049496,0.26165,0.049937,0.24308,0.049643,0.21289,0.049599,12.694
2.8543,0.14576,0.6548,0.095841,0.38288,0.08372,0.38713,0.072176,0.26473,0.069057,0.29686,0.066377,0.32387,0.065173,0.27798,0.064424,0.23899,0.063818,0.27915,0.063656,0.30051,0.064222,16.418
2.4058,0.11424,0.46376,0.055507,0.24959,0.03142,0.15623,0.02194,0.094943,0.017206,0.073413,0.014529,0.06524,0.012863,0.054761,0.011887,0.049308,0.011243,0.046683,0.010851,0.045824,0.01057,2.6887
2.7479,0.15103,0.69657,0.093709,0.45324,0.070337,0.34415,0.063155,0.24157,0.060174,0.26718,0.058904,0.29369,0.058251,0.30009,0.058509,0.34186,0.058998,0.26221,0.058487,0.32615,0.058484,14.957
2.7956,0.15621,0.63357,0.08118,0.36371,0.048372,0.23225,0.034896,0.14766,0.028905,0.11358,0.025584,0.11156,0.023725,0.11661,0.022712,0.11265,0.02217,0.10285,0.021942,0.091119,0.021727,5.5414
1.7778,0.16878,0.66017,0.13399,0.6333,0.10339,0.57085,0.093885,0.24136,0.09313,0.33503,0.0847,0.35946,0.079673,0.28542,0.076668,0.27247,0.075228,0.35972,0.074139,0.36641,0.073256,18.721
2.5764,0.11923,0.52777,0.068346,0.30944,0.044849,0.19915,0.037234,0.14791,0.034298,0.13582,0.032982,0.13121,0.032285,0.12954,0.03192,0.12708,0.031753,0.12315,0.031766,0.12568,0.031694,8.0825
2.0131,0.12268,0.51534,0.082946,0.37224,0.060808,0.28521,0.052507,0.2676,0.049049,0.26491,0.047333,0.22702,0.046211,0.23951,0.045607,0.24716,0.045316,0.26725,0.046007,0.21013,0.045647,11.674
2.5646,0.1656,0.70377,0.10242,0.41892,0.08183,0.34415,0.072655,0.3432,0.068873,0.32435,0.066695,0.27236,0.065698,0.32246,0.065519,0.35129,0.065873,0.38983,0.066676,0.2594,0.06526,16.69
2.6499,0.18166,0.89018,0.12291,0.60258,0.086683,0.31137,0.078392,0.3215,0.067833,0.28355,0.061721,0.21514,0.059787,0.24668,0.057286,0.31745,0.057218,0.19422,0.056085,0.2066,0.055645,14.201
2.6242,0.17408,0.78379,0.1207,0.64918,0.09745,0.31717,0.098562,0.40435,0.086711,0.43505,0.081019,0.43976,0.079142,0.49401,0.079943,0.54453,0.080817,0.34572,0.07813,0.3129,0.076797,19.642
3.4745,0.21356,0.95063,0.12963,0.64251,0.10043,0.50274,0.085876,0.26181,0.08058,0.31354,0.075931,0.39836,0.074348,0.2671,0.072747,0.27054,0.071351,0.2275,0.070996,0.246,0.069924,17.859
2.2177,0.12755,0.60083,0.083413,0.40948,0.061467,0.25775,0.053677,0.21082,0.050557,0.19048,0.049241,0.2137,0.047968,0.21353,0.047294,0.23676,0.046871,0.25263,0.046843,0.24787,0.046747,11.957
2.6882,0.13916,0.6436,0.091077,0.52977,0.076252,0.30704,0.068062,0.28286,0.060281,0.26149,0.052996,0.24295,0.048813,0.22158,0.047006,0.20866,0.045971,0.19379,0.045308,0.22443,0.044922,11.486
2.0064,0.1301,0.55341,0.089893,0.41685,0.069097,0.29983,0.061391,0.23581,0.058994,0.24418,0.057584,0.29863,0.057347,0.32388,0.057304,0.26414,0.056886,0.24101,0.056547,0.30661,0.056815,14.527
2.9926,0.13237,0.56174,0.088601,0.36044,0.075554,0.3492,0.069913,0.3836,0.068322,0.24161,0.067228,0.25751,0.066531,0.28441,0.066386,0.3005,0.066622,0.29959,0.066568,0.28514,0.066354,16.981
2.3604,0.1707,0.67767,0.11134,0.43775,0.088777,0.43186,0.075156,0.38309,0.070996,0.28341,0.068281,0.27068,0.06746,0.22544,0.066958,0.25349,0.066904,0.25295,0.066809,0.2815,0.067072,17.148
2.3579,0.12765,0.5261,0.088886,0.35283,0.07466,0.3749,0.060849,0.27771,0.05587,0.28728,0.053525,0.23393,0.051508,0.23951,0.050651,0.24693,0.050302,0.25169,0.050052,0.28494,0.051108,13.062
2.3853,0.13462,0.55636,0.079521,0.3588,0.057,0.27074,0.048025,0.233,0.043409,0.21247,0.041268,0.18911,0.040252,0.21531,0.03974,0.19261,0.039307,0.20541,0.039037,0.19583,0.038883,9.9507
2.3366,0.136,0.58221,0.080627,0.37256,0.057016,0.29237,0.049221,0.23878,0.045182,0.19553,0.04349,0.21028,0.043004,0.22694,0.042926,0.21886,0.042626,0.20936,0.042462,0.22124,0.042771,10.921
2.8807,0.10407,0.44161,0.048605,0.20378,0.030276,0.1414,0.022203,0.10402,0.019736,0.081371,0.018547,0.07583,0.018053,0.070254,0.017841,0.070171,0.017699,0.070024,0.017637,0.073388,0.01763,4.5108
2.4647,0.11965,0.48414,0.059584,0.29492,0.034069,0.1488,0.026288,0.10559,0.023187,0.10666,0.021643,0.097582,0.021083,0.094227,0.020745,0.096581,0.020604,0.095565,0.02052,0.089836,0.020476,5.241
2.3372,0.12697,0.57113,0.083607,0.38281,0.055193,0.20415,0.047592,0.19334,0.042754,0.1887,0.039545,0.20823,0.037607,0.14636,0.037175,0.15444,0.036542,0.15504,0.036194,0.16853,0.035961,9.1988
2.2727,0.16411,0.71478,0.10305,0.4436,0.072602,0.28675,0.06271,0.27472,0.053359,0.22077,0.049416,0.18842,0.047809,0.20581,0.046329,0.17917,0.045799,0.17073,0.045467,0.19577,0.045133,11.527
2.5384,0.12435,0.56747,0.072498,0.32175,0.045854,0.18524,0.0384,0.17404,0.032447,0.13163,0.030417,0.13743,0.029071,0.11648,0.028524,0.12017,0.028176,0.12907,0.027875,0.13974,0.0278,7.1132
2.2995,0.14864,0.59798,0.088158,0.33091,0.064585,0.29506,0.05237,0.2575,0.047391,0.24032,0.044819,0.23404,0.043706,0.21959,0.043446,0.20261,0.043354,0.20894,0.043334,0.18588,0.043421,11.106
2.3533,0.14267,0.54572,0.066794,0.29541,0.035532,0.1439,0.026634,0.11789,0.022906,0.10374,0.021573,0.10331,0.021004,0.10199,0.020738,0.10546,0.020671,0.092068,0.020628,0.084863,0.0206,5.2695
2.0895,0.19063,0.65975,0.11174,0.47409,0.070554,0.29452,0.053941,0.31537,0.047226,0.2688,0.043782,0.20002,0.041278,0.25186,0.03999,0.17683,0.039046,0.19828,0.038772,0.20021,0.038626,9.8813
2.3466,0.15274,0.60223,0.1042,0.50373,0.083044,0.36132,0.074513,0.323,0.070115,0.34843,0.068343,0.33075,0.066822,0.26327,0.066346,0.30978,0.065538,0.2917,0.065658,0.31218,0.065102,16.661
1.939,0.17386,0.63685,0.11368,0.38929,0.09166,0.38099,0.069289,0.33516,0.056055,0.22904,0.050996,0.26053,0.048496,0.21185,0.047436,0.23281,0.046459,0.22446,0.046024,0.21572,0.046024,11.772
3.4599,0.15804,0.73741,0.098265,0.5259,0.077643,0.37218,0.065658,0.29195,0.0608,0.27974,0.058338,0.2987,0.05762,0.27423,0.05718,0.28299,0.056779,0.30369,0.057047,0.26147,0.056808,14.531
2.2652,0.15449,0.67146,0.09419,0.40488,0.068124,0.27343,0.060655,0.28011,0.052348,0.28821,0.049646,0.23072,0.048512,0.2321,0.047764,0.23581,0.047468,0.21739,0.047364,0.1913,0.047357,12.119
